-- phpMyAdmin SQL Dump
-- version 4.9.0.1
-- https://www.phpmyadmin.net/
--
-- Host: 127.0.0.1
-- Waktu pembuatan: 16 Nov 2019 pada 09.18
-- Versi server: 10.4.6-MariaDB
-- Versi PHP: 7.3.9

SET SQL_MODE = "NO_AUTO_VALUE_ON_ZERO";
SET AUTOCOMMIT = 0;
START TRANSACTION;
SET time_zone = "+00:00";


/*!40101 SET @OLD_CHARACTER_SET_CLIENT=@@CHARACTER_SET_CLIENT */;
/*!40101 SET @OLD_CHARACTER_SET_RESULTS=@@CHARACTER_SET_RESULTS */;
/*!40101 SET @OLD_COLLATION_CONNECTION=@@COLLATION_CONNECTION */;
/*!40101 SET NAMES utf8mb4 */;

--
-- Database: `cv`
--

-- --------------------------------------------------------

--
-- Struktur dari tabel `anggaranperusahaan`
--

CREATE TABLE `anggaranperusahaan` (
  `kd_anggaranperusahaan` varchar(25) NOT NULL,
  `tanggal` datetime NOT NULL,
  `tahun` varchar(5) NOT NULL,
  `status` enum('Y','T') NOT NULL
) ENGINE=InnoDB DEFAULT CHARSET=latin1;

--
-- Dumping data untuk tabel `anggaranperusahaan`
--

INSERT INTO `anggaranperusahaan` (`kd_anggaranperusahaan`, `tanggal`, `tahun`, `status`) VALUES
('PSA2017', '2017-01-01 00:00:00', '2017', 'Y'),
('PSA2018', '2018-01-02 00:00:00', '2018', 'T');

-- --------------------------------------------------------

--
-- Struktur dari tabel `detailanggaran`
--

CREATE TABLE `detailanggaran` (
  `kd_anggaranperusahaan` varchar(25) NOT NULL,
  `kd_jenisanggaran` varchar(25) NOT NULL,
  `jumlahanggaranperusahaan` int(11) NOT NULL
) ENGINE=InnoDB DEFAULT CHARSET=latin1;

--
-- Dumping data untuk tabel `detailanggaran`
--

INSERT INTO `detailanggaran` (`kd_anggaranperusahaan`, `kd_jenisanggaran`, `jumlahanggaranperusahaan`) VALUES
('PSA2017', 'RK01', 122484000),
('PSA2017', 'RK02', 217000000),
('PSA2017', 'RK03', 136255738),
('PSA2017', 'RK05', 15823810),
('PSA2017', 'RK07', 55905888),
('PSA2017', 'RK08', 18413500),
('PSA2017', 'RK09', 6210213),
('PSA2017', 'RK10', 12100000),
('PSA2017', 'RK12', 288534926),
('PSA2018', 'RK01', 122719468),
('PSA2018', 'RK02', 245438935),
('PSA2018', 'RK03', 368158403),
('PSA2018', 'RK05', 61359734),
('PSA2018', 'RK07', 98175574),
('PSA2018', 'RK08', 49087787),
('PSA2018', 'RK09', 24543894),
('PSA2018', 'RK10', 12271947),
('PSA2018', 'RK12', 245438935);

-- --------------------------------------------------------

--
-- Struktur dari tabel `gaji`
--

CREATE TABLE `gaji` (
  `id_pegawai` varchar(25) NOT NULL,
  `gaji` int(11) NOT NULL
) ENGINE=InnoDB DEFAULT CHARSET=latin1;

--
-- Dumping data untuk tabel `gaji`
--

INSERT INTO `gaji` (`id_pegawai`, `gaji`) VALUES
('pp2', 4500000),
('pp3', 3000000),
('pp4', 4000000),
('pp5', 4000000),
('pp6', 1800000);

-- --------------------------------------------------------

--
-- Struktur dari tabel `jenisanggaran`
--

CREATE TABLE `jenisanggaran` (
  `kd_jenisanggaran` varchar(25) NOT NULL,
  `jenisanggaran` varchar(50) NOT NULL
) ENGINE=InnoDB DEFAULT CHARSET=latin1;

--
-- Dumping data untuk tabel `jenisanggaran`
--

INSERT INTO `jenisanggaran` (`kd_jenisanggaran`, `jenisanggaran`) VALUES
('RK01', 'Beban Pelatihan'),
('RK02', 'Salary Staff'),
('RK03', 'Industrial Supply Expenditure'),
('RK04', 'Pendapatan'),
('RK05', 'Training Expenditure'),
('RK07', 'Transport and Marketing Expenditure'),
('RK08', 'Office and Equipment Rent'),
('RK09', 'Equipment Expenditure'),
('RK10', 'Utility and Maintenance Expenditure'),
('RK12', 'Conversion etc'),
('RK13', 'Pajak');

-- --------------------------------------------------------

--
-- Struktur dari tabel `kasbesar`
--

CREATE TABLE `kasbesar` (
  `kd_kasbesar` varchar(25) NOT NULL,
  `tanggal` datetime NOT NULL,
  `keterangan` text NOT NULL,
  `debet` int(11) NOT NULL,
  `kredit` int(11) NOT NULL,
  `saldo` int(11) NOT NULL,
  `kd_jenisanggaran` varchar(25) NOT NULL,
  `kd_pendapatan` varchar(25) NOT NULL
) ENGINE=InnoDB DEFAULT CHARSET=latin1;

--
-- Dumping data untuk tabel `kasbesar`
--

INSERT INTO `kasbesar` (`kd_kasbesar`, `tanggal`, `keterangan`, `debet`, `kredit`, `saldo`, `kd_jenisanggaran`, `kd_pendapatan`) VALUES
('TD00003', '2017-01-01 00:00:00', 'saldo awal 2017', 226446380, 0, 226446380, 'RK04', 'PDP10003\r'),
('TD00004', '2017-01-01 00:00:00', 'Bagi Hasil ', 200407, 0, 226646787, 'RK04', 'PDP10004\r'),
('TD00005', '2017-01-01 00:00:00', 'Pajak', 0, 40081, 226606706, 'RK13', 'PDP00000\r'),
('TD00006', '2017-01-01 00:00:00', 'Biaya Materai', 0, 6000, 226600706, 'RK13', 'PDP00000'),
('TD00007', '2017-01-01 00:00:00', 'Biaya Administrasi', 0, 25000, 226575706, 'RK13', 'PDP00000\r'),
('TD00008', '2017-01-08 00:00:00', 'Claim', 0, 1346000, 225229706, 'RK07', 'PDP00000\r'),
('TD00009', '2017-01-18 00:00:00', 'arief (operasional)', 0, 710000, 224519706, 'RK10', 'PDP00000'),
('TD00010', '2017-01-18 00:00:00', 'Biaya adm  BSMNET Desember 16', 0, 10000, 224509706, 'RK13', 'PDP00000\r'),
('TD00011', '2017-01-23 00:00:00', 'Biaya Transaksi', 0, 6500, 224503206, 'RK13', 'PDP00000\r'),
('TD00012', '2017-01-23 00:00:00', 'Sisa Sewa ktr No 1 Unit B9', 0, 18000000, 206503206, 'RK08', 'PDP00000\r'),
('TD00013', '2017-01-29 00:00:00', 'Operasional', 0, 5000000, 201503206, 'RK07', 'PDP00000\r'),
('TD00014', '2017-01-29 00:00:00', 'Operasional', 0, 1000000, 200503206, 'RK07', 'PDP00000\r'),
('TD00015', '2017-01-29 00:00:00', 'Gaji', 0, 4500000, 196003206, 'RK02', 'PDP00000\r'),
('TD00016', '2017-01-29 00:00:00', 'Claim', 0, 1070000, 194933206, 'RK07', 'PDP00000\r'),
('TD00017', '2017-02-01 00:00:00', 'Bagi Hasil ', 190577, 0, 195123783, 'RK04', 'PDP10005\r'),
('TD00018', '2017-02-01 00:00:00', 'Pajak', 0, 38115, 195085668, 'RK13', 'PDP00000\r'),
('TD00019', '2017-02-01 00:00:00', 'Biaya Materai', 0, 6000, 195079668, 'RK13', 'PDP00000\r'),
('TD00020', '2017-02-01 00:00:00', 'Biaya Administrasi', 0, 25000, 195054668, 'RK13', 'PDP00000\r'),
('TD00021', '2017-02-05 00:00:00', 'Biaya adm BSMNET Januari 17', 0, 10000, 195044668, 'RK13', 'PDP00000\r'),
('TD00022', '2017-02-09 00:00:00', 'Operasional', 0, 3137298, 191907370, 'RK07', 'PDP00000\r'),
('TD00023', '2017-02-13 00:00:00', 'Biaya Transaksi', 0, 6500, 191900870, 'RK13', 'PDP00000\r'),
('TD00024', '2017-02-13 00:00:00', 'DP Meja Kantor', 0, 3000000, 188900870, 'RK09', 'PDP00000\r'),
('TD00025', '2017-02-14 00:00:00', 'Operasional', 0, 251351, 188649519, 'RK07', 'PDP00000\r'),
('TD00026', '2017-02-14 00:00:00', 'utk City Home', 0, 3297000, 185352519, 'RK09', 'PDP00000\r'),
('TD00027', '2017-02-28 00:00:00', '0420000-R OMRON MANUFACTURING OF IN', 39938500, 0, 225291019, 'RK04', 'PDP10006\r'),
('TD00028', '2017-03-01 00:00:00', 'Bagi Hasil ', 146148, 0, 225437167, 'RK04', 'PDP10007\r'),
('TD00029', '2017-03-01 00:00:00', 'Pajak', 0, 29282, 225407885, 'RK13', 'PDP00000\r'),
('TD00030', '2017-03-01 00:00:00', 'ppn', 0, 6000, 225401885, 'RK13', 'PDP00000'),
('TD00031', '2017-03-01 00:00:00', 'Biaya Administrasi', 0, 25000, 225376885, 'RK13', 'PDP00000\r'),
('TD00032', '2017-03-01 00:00:00', 'Gaji', 0, 4500000, 220876885, 'RK02', 'PDP00000\r'),
('TD00033', '2017-03-01 00:00:00', 'Operasional', 0, 5000000, 215876885, 'RK07', 'PDP00000\r'),
('TD00034', '2017-03-01 00:00:00', 'Operasional', 0, 5000000, 210876885, 'RK07', 'PDP00000\r'),
('TD00035', '2017-03-07 00:00:00', 'Biaya adm BSMNET Februari 17', 0, 10000, 210866885, 'RK13', 'PDP00000\r'),
('TD00036', '2017-03-09 00:00:00', 'arief', 0, 297900, 210568985, 'RK10', 'PDP00000\r'),
('TD00037', '2017-03-09 00:00:00', 'M arya', 0, 582500, 209986485, 'RK07', 'PDP00000\r'),
('TD00038', '2017-03-09 00:00:00', 'Nurul Fikri', 0, 1179040, 208807445, 'RK07', 'PDP00000\r'),
('TD00039', '2017-03-12 00:00:00', 'Biaya Transaksi', 0, 6500, 208800945, 'RK13', 'PDP00000\r'),
('TD00040', '2017-03-12 00:00:00', 'office lcns', 0, 5000000, 203800945, 'RK08', 'PDP00000\r'),
('TD00041', '2017-03-12 00:00:00', 'office lcns', 0, 5000000, 198800945, 'RK08', 'PDP00000\r'),
('TD00042', '2017-03-12 00:00:00', 'office lcns', 0, 5000000, 193800945, 'RK08', 'PDP00000\r'),
('TD00043', '2017-03-12 00:00:00', 'office lcns', 0, 5000000, 188800945, 'RK08', 'PDP00000\r'),
('TD00044', '2017-03-14 00:00:00', 'claim', 0, 699287, 188101658, 'RK10', 'PDP00000\r'),
('TD00045', '2017-03-29 00:00:00', 'Gaji', 0, 4000000, 184101658, 'RK02', 'PDP00000\r'),
('TD00046', '2017-03-29 00:00:00', 'Operasional', 0, 5000000, 179101658, 'RK07', 'PDP00000\r'),
('TD00047', '2017-03-29 00:00:00', 'Operasional', 0, 5000000, 174101658, 'RK07', 'PDP00000\r'),
('TD00048', '2017-03-29 00:00:00', 'Operasional', 10000000, 0, 184101658, 'RK04', 'PDP10008\r'),
('TD00049', '2017-03-29 00:00:00', 'Operasional', 0, 5000000, 179101658, 'RK07', 'PDP00000\r'),
('TD00050', '2017-04-01 00:00:00', 'Bagi Hasil atau Bonus', 146410, 0, 179248068, 'RK04', 'PDP10009\r'),
('TD00051', '2017-04-01 00:00:00', 'Ppn', 0, 29282, 179218786, 'RK13', 'PDP00000'),
('TD00052', '2017-04-01 00:00:00', 'Biaya Materai', 0, 6000, 179212786, 'RK13', 'PDP00000\r'),
('TD00053', '2017-04-01 00:00:00', 'Biaya Administrasi', 0, 25000, 179187786, 'RK13', 'PDP00000\r'),
('TD00054', '2017-04-04 00:00:00', 'EC arief', 0, 489000, 178698786, 'RK10', 'PDP00000\r'),
('TD00055', '2017-04-04 00:00:00', 'EC M aryaa', 0, 487500, 178211286, 'RK07', 'PDP00000\r'),
('TD00056', '2017-04-04 00:00:00', 'ppn maret 2017', 0, 4250000, 173961286, 'RK13', 'PDP00000\r'),
('TD00057', '2017-04-04 00:00:00', 'ec', 0, 2015000, 171946286, 'RK07', 'PDP00000\r'),
('TD00058', '2017-04-05 00:00:00', 'Biaya adm BSMNET Maret 17', 0, 10000, 171936286, 'RK13', 'PDP00000\r'),
('TD00059', '2017-04-19 00:00:00', '0420000-R OMRON MANUFACTURING OF IN', 45900000, 0, 217836286, 'RK04', 'PDP10010\r'),
('TD00060', '2017-04-26 00:00:00', 'Pajak', 0, 732250, 217104036, 'RK13', 'PDP00000\r'),
('TD00061', '2017-04-28 00:00:00', 'Tax', 0, 922156, 216181880, 'RK13', 'PDP00000\r'),
('TD00062', '2017-04-29 00:00:00', 'Operasional', 0, 1000000, 215181880, 'RK07', 'PDP00000\r'),
('TD00063', '2017-04-29 00:00:00', 'Gaji', 0, 4500000, 210681880, 'RK02', 'PDP00000\r'),
('TD00064', '2017-04-29 00:00:00', 'Operasional', 0, 1000000, 209681880, 'RK07', 'PDP00000\r'),
('TD00065', '2017-05-01 00:00:00', 'Bagi Hasil ', 124798, 0, 209806678, 'RK04', 'PDP10011\r'),
('TD00066', '2017-05-01 00:00:00', 'Pajak', 0, 24959, 209781719, 'RK13', 'PDP00000\r'),
('TD00067', '2017-05-01 00:00:00', 'Biaya Materai', 0, 6000, 209775719, 'RK13', 'PDP00000\r'),
('TD00068', '2017-05-01 00:00:00', 'Biaya Administrasi', 0, 25000, 209750719, 'RK13', 'PDP00000\r'),
('TD00069', '2017-05-02 00:00:00', 'ec', 0, 270542, 209480177, 'RK10', 'PDP00000\r'),
('TD00070', '2017-05-03 00:00:00', 'for Tax no. A17183952227', 0, 7551300, 201928877, 'RK13', 'PDP00000\r'),
('TD00071', '2017-05-05 00:00:00', 'Biaya adm. BSMNET April 17', 0, 10000, 201918877, 'RK13', 'PDP00000\r'),
('TD00072', '2017-05-09 00:00:00', 'pph final apr 17', 0, 755130, 201163747, 'RK13', 'PDP00000\r'),
('TD00073', '2017-05-09 00:00:00', 'pph final jan 17', 0, 364000, 200799747, 'RK13', 'PDP00000\r'),
('TD00074', '2017-05-16 00:00:00', 'Biaya Transaksi', 0, 6500, 200793247, 'RK13', 'PDP00000\r'),
('TD00075', '2017-05-16 00:00:00', 'SGD 2000', 0, 19018390, 181774857, 'RK12', 'PDP00000\r'),
('TD00076', '2017-05-17 00:00:00', 'BL171138BQA7INV', 0, 468717, 181306140, 'RK10', 'PDP00000\r'),
('TD00077', '2017-05-17 00:00:00', 'Token Listrik', 0, 204000, 181102140, 'RK10', 'PDP00000\r'),
('TD00078', '2017-05-30 00:00:00', 'IV10051219', 0, 891800, 180210340, 'RK03', 'PDP00000\r'),
('TD00079', '2017-05-30 00:00:00', 'Biaya Transaksi', 0, 6500, 180203840, 'RK13', 'PDP00000\r'),
('TD00080', '2017-05-30 00:00:00', 'Gaji', 0, 4000000, 176203840, 'RK02', 'PDP00000\r'),
('TD00081', '2017-05-30 00:00:00', 'Operasional', 0, 100000, 176103840, 'RK10', 'PDP00000\r'),
('TD00082', '2017-05-30 00:00:00', 'Gaji M arya', 0, 4000000, 172103840, 'RK02', 'PDP00000\r'),
('TD00083', '2017-05-30 00:00:00', 'Operasional', 0, 1000000, 171103840, 'RK07', 'PDP00000\r'),
('TD00084', '2017-05-30 00:00:00', 'Claim', 0, 81400, 171022440, 'RK07', 'PDP00000\r'),
('TD00085', '2017-05-30 00:00:00', 'Gaji  Nurul Fikri', 0, 4500000, 166522440, 'RK02', 'PDP00000\r'),
('TD00086', '2017-05-30 00:00:00', 'Operasional', 0, 5000000, 161522440, 'RK07', 'PDP00000\r'),
('TD00087', '2017-05-31 00:00:00', 'Biaya Transaksi', 0, 6500, 161515940, 'RK13', 'PDP00000\r'),
('TD00088', '2017-05-31 00:00:00', 'IV10051235', 0, 50000, 161465940, 'RK03', 'PDP00000\r'),
('TD00089', '2017-06-01 00:00:00', 'Bagi Hasil ', 116864, 0, 161582804, 'RK04', 'PDP10012\r'),
('TD00090', '2017-06-01 00:00:00', 'Pajak', 0, 23372, 161559432, 'RK13', 'PDP00000\r'),
('TD00091', '2017-06-01 00:00:00', 'Biaya Materai', 0, 6000, 161553432, 'RK13', 'PDP00000\r'),
('TD00092', '2017-06-01 00:00:00', 'Biaya Administrasi', 0, 25000, 161528432, 'RK13', 'PDP00000\r'),
('TD00093', '2017-06-05 00:00:00', 'Biaya adm. BSMNET Mei 17', 0, 10000, 161518432, 'RK13', 'PDP00000\r'),
('TD00094', '2017-06-12 00:00:00', 'arief', 0, 728276, 160790156, 'RK10', 'PDP00000\r'),
('TD00095', '2017-06-14 00:00:00', '0080000-CITRA NISSA ALDINA-PEMBAYAR', 49414200, 0, 210204356, 'RK04', 'PDP10013\r'),
('TD00096', '2017-06-19 00:00:00', 'thr 2017', 0, 15500000, 194704356, 'RK02', 'PDP00000\r'),
('TD00097', '2017-06-23 00:00:00', 'Gaji', 0, 4000000, 190704356, 'RK02', 'PDP00000\r'),
('TD00098', '2017-06-23 00:00:00', 'Operasional dan Claim', 0, 817800, 189886556, 'RK10', 'PDP00000\r'),
('TD00099', '2017-06-23 00:00:00', 'Gaji M arya', 0, 4000000, 185886556, 'RK02', 'PDP00000\r'),
('TD00100', '2017-06-23 00:00:00', 'Operasional', 0, 5000000, 180886556, 'RK07', 'PDP00000\r'),
('TD00101', '2017-06-23 00:00:00', 'Gaji Nurul Fikri', 0, 4500000, 176386556, 'RK02', 'PDP00000\r'),
('TD00102', '2017-06-23 00:00:00', 'Operasional', 0, 5000000, 171386556, 'RK07', 'PDP00000\r'),
('TD00103', '2017-06-30 00:00:00', 'Bagi Hasil ', 114527, 0, 171501083, 'RK04', 'PDP10014\r'),
('TD00104', '2017-06-30 00:00:00', 'Pajak', 0, 22905, 171478178, 'RK13', 'PDP00000\r'),
('TD00105', '2017-07-01 00:00:00', 'Biaya Materai', 0, 6000, 171472178, 'RK13', 'PDP00000\r'),
('TD00106', '2017-07-01 00:00:00', 'Biaya Administrasi', 0, 25000, 171447178, 'RK13', 'PDP00000\r'),
('TD00107', '2017-07-06 00:00:00', 'Biaya adm. BSMNET Juni 17', 0, 10000, 171437178, 'RK13', 'PDP00000\r'),
('TD00108', '2017-07-10 00:00:00', 'telepon ktr', 0, 351283, 171085895, 'RK09', 'PDP00000\r'),
('TD00109', '2017-07-17 00:00:00', 'PI20316500-htn', 0, 7480000, 163605895, 'RK01', 'PDP00000\r'),
('TD00110', '2017-07-17 00:00:00', 'Biaya Transaksi', 0, 6500, 163599395, 'RK13', 'PDP00000\r'),
('TD00111', '2017-07-21 00:00:00', 'Rigol DM3058E', 0, 8800000, 154799395, 'RK01', 'PDP00000\r'),
('TD00112', '2017-07-21 00:00:00', 'Biaya Transaksi', 0, 6500, 154792895, 'RK13', 'PDP00000\r'),
('TD00113', '2017-07-24 00:00:00', 'Biaya Transaksi', 0, 6500, 154786395, 'RK13', 'PDP00000\r'),
('TD00114', '2017-07-24 00:00:00', 'PO HTN 1705-012', 0, 21850000, 132936395, 'RK03', 'PDP00000\r'),
('TD00115', '2017-07-25 00:00:00', 'Biaya Transaksi', 0, 6500, 132929895, 'RK13', 'PDP00000\r'),
('TD00116', '2017-07-25 00:00:00', 'HTN - pc order', 0, 5898900, 127030995, 'RK01', 'PDP00000\r'),
('TD00117', '2017-07-31 00:00:00', 'Bagi Hasil ', 103986, 0, 127134981, 'RK04', 'PDP10015\r'),
('TD00118', '2017-07-31 00:00:00', 'Pajak', 0, 20797, 127114184, 'RK13', 'PDP00000\r'),
('TD00119', '2017-07-31 00:00:00', 'Gaji', 0, 4000000, 123114184, 'RK02', 'PDP00000\r'),
('TD00120', '2017-07-31 00:00:00', 'Gaji M arya', 0, 4000000, 119114184, 'RK02', 'PDP00000\r'),
('TD00121', '2017-07-31 00:00:00', 'Operasional dan Claim', 0, 1608500, 117505684, 'RK07', 'PDP00000\r'),
('TD00122', '2017-07-31 00:00:00', 'Gaji Nurul Fikri', 0, 4500000, 113005684, 'RK02', 'PDP00000\r'),
('TD00123', '2017-07-31 00:00:00', 'Operasional dan Claim', 0, 2500000, 110505684, 'RK07', 'PDP00000\r'),
('TD00124', '2017-07-31 00:00:00', 'arief', 0, 827500, 109678184, 'RK10', 'PDP00000\r'),
('TD00125', '2017-08-01 00:00:00', 'Biaya Materai', 0, 6000, 109672184, 'RK13', 'PDP00000\r'),
('TD00126', '2017-08-01 00:00:00', 'Biaya Administrasi', 0, 25000, 109647184, 'RK13', 'PDP00000\r'),
('TD00127', '2017-08-01 00:00:00', '0090000-CITRA NISSA ALDINA-PEMBAYAR', 33650100, 0, 143297284, 'RK04', 'PDP10016\r'),
('TD00128', '2017-08-03 00:00:00', 'misumi inv payment CS051353911', 0, 380655, 142916629, 'RK13', 'PDP00000\r'),
('TD00129', '2017-08-08 00:00:00', 'Biaya Transaksi', 0, 6500, 142910129, 'RK13', 'PDP00000\r'),
('TD00130', '2017-08-08 00:00:00', 'payment for IV10051726', 0, 3000000, 139910129, 'RK13', 'PDP00000\r'),
('TD00131', '2017-08-14 00:00:00', '0220000-CHAO LONG MOTOR PARTS INDON', 19371000, 0, 159281129, 'RK04', 'PDP10017\r'),
('TD00132', '2017-08-14 00:00:00', 'Biaya adm. BSMNET Juli 17', 0, 10000, 159271129, 'RK13', 'PDP00000\r'),
('TD00133', '2017-08-18 00:00:00', 'Biaya Transaksi', 0, 6500, 159264629, 'RK13', 'PDP00000\r'),
('TD00134', '2017-08-18 00:00:00', 'convert', 0, 10000000, 149264629, 'RK12', 'PDP00000\r'),
('TD00135', '2017-08-19 00:00:00', 'for Operasional', 0, 103400, 149161229, 'RK13', 'PDP00000\r'),
('TD00136', '2017-08-20 00:00:00', 'payment to M arya', 0, 19556160, 129605069, 'RK12', 'PDP00000\r'),
('TD00137', '2017-08-22 00:00:00', 'Miadetails', 0, 900000, 128705069, 'RK05', 'PDP00000\r'),
('TD00138', '2017-08-22 00:00:00', 'Biaya Transaksi', 0, 6500, 128698569, 'RK13', 'PDP00000\r'),
('TD00139', '2017-08-23 00:00:00', 'arief - ops & claim', 0, 1709115, 126989454, 'RK10', 'PDP00000\r'),
('TD00140', '2017-08-24 00:00:00', '0420000-R OMRON MANUFACTURING OF IN', 9724000, 0, 136713454, 'RK04', 'PDP10018\r'),
('TD00141', '2017-08-25 00:00:00', 'Nurul Fikri', 0, 561000, 136152454, 'RK05', 'PDP00000\r'),
('TD00142', '2017-08-25 00:00:00', 'Miadetails', 0, 900000, 135252454, 'RK05', 'PDP00000\r'),
('TD00143', '2017-08-25 00:00:00', 'Biaya Transaksi', 0, 6500, 135245954, 'RK13', 'PDP00000\r'),
('TD00144', '2017-08-25 00:00:00', 'Biaya Transaksi', 0, 6500, 135239454, 'RK13', 'PDP00000\r'),
('TD00145', '2017-08-25 00:00:00', 'htn-cpp', 0, 3000000, 132239454, 'RK01', 'PDP00000\r'),
('TD00146', '2017-08-26 00:00:00', 'DP', 0, 800000, 131439454, 'RK01', 'PDP00000\r'),
('TD00147', '2017-08-26 00:00:00', 'Biaya Transaksi', 0, 6500, 131432954, 'RK13', 'PDP00000\r'),
('TD00148', '2017-08-26 00:00:00', 'Balance', 0, 795200, 130637754, 'RK01', 'PDP00000\r'),
('TD00149', '2017-08-27 00:00:00', 'Biaya Transaksi', 0, 6500, 130631254, 'RK13', 'PDP00000\r'),
('TD00150', '2017-08-27 00:00:00', 'trvlk', 0, 3943592, 126687662, 'RK05', 'PDP00000\r'),
('TD00151', '2017-08-28 00:00:00', '0080000-SISDARMANTO ADINANDR-PELUNA', 42900000, 0, 169587662, 'RK04', 'PDP10019\r'),
('TD00152', '2017-08-30 00:00:00', 'arief', 0, 4000000, 165587662, 'RK02', 'PDP00000\r'),
('TD00153', '2017-08-30 00:00:00', 'M arya gj', 0, 4000000, 161587662, 'RK02', 'PDP00000\r'),
('TD00154', '2017-08-30 00:00:00', 'Nurul Fikri  gaji', 0, 4500000, 157087662, 'RK02', 'PDP00000\r'),
('TD00155', '2017-09-01 00:00:00', 'Bagi Hasil ', 44129, 0, 157131791, 'RK04', 'PDP10020\r'),
('TD00156', '2017-09-01 00:00:00', 'Pajak', 0, 8826, 157122965, 'RK13', 'PDP00000\r'),
('TD00157', '2017-09-01 00:00:00', 'Biaya Materai', 0, 6000, 157116965, 'RK13', 'PDP00000\r'),
('TD00158', '2017-09-01 00:00:00', 'Biaya Administrasi', 0, 25000, 157091965, 'RK13', 'PDP00000\r'),
('TD00159', '2017-09-03 00:00:00', 'M arya', 0, 900000, 156191965, 'RK07', 'PDP00000\r'),
('TD00160', '2017-09-03 00:00:00', 'Nurul Fikri', 0, 1500000, 154691965, 'RK07', 'PDP00000\r'),
('TD00161', '2017-09-05 00:00:00', 'Biaya adm. BSMNET Agustus 17', 0, 10000, 154681965, 'RK13', 'PDP00000\r'),
('TD00162', '2017-09-05 00:00:00', 'Biaya Transaksi', 0, 6500, 154675465, 'RK13', 'PDP00000\r'),
('TD00163', '2017-09-05 00:00:00', 'htn', 0, 13250000, 141425465, 'RK03', 'PDP00000\r'),
('TD00164', '2017-09-05 00:00:00', 'Biaya Transaksi', 0, 6500, 141418965, 'RK13', 'PDP00000\r'),
('TD00165', '2017-09-05 00:00:00', 'htn', 0, 25000000, 116418965, 'RK03', 'PDP00000\r'),
('TD00166', '2017-09-06 00:00:00', 'htn', 0, 200000, 116218965, 'RK03', 'PDP00000\r'),
('TD00167', '2017-09-06 00:00:00', 'htn', 0, 1372737, 114846228, 'RK13', 'PDP00000\r'),
('TD00168', '2017-09-06 00:00:00', 'Biaya Transaksi', 0, 6500, 114839728, 'RK13', 'PDP00000\r'),
('TD00169', '2017-09-06 00:00:00', 'htn', 0, 20900000, 93939728, 'RK03', 'PDP00000\r'),
('TD00170', '2017-09-19 00:00:00', 'for indihome', 0, 368500, 93571228, 'RK10', 'PDP00000\r'),
('TD00171', '2017-09-26 00:00:00', 'BY REF BANK HENDRA ', 0, 125000, 93446228, 'RK07', 'PDP00000\r'),
('TD00172', '2017-09-30 00:00:00', 'arief', 0, 4000000, 89446228, 'RK02', 'PDP00000\r'),
('TD00173', '2017-09-30 00:00:00', 'M arya ops', 0, 1000000, 88446228, 'RK07', 'PDP00000\r'),
('TD00174', '2017-09-30 00:00:00', 'M arya gj', 0, 44000000, 44446228, 'RK02', 'PDP00000\r'),
('TD00175', '2017-09-30 00:00:00', 'Nurul Fikri gj', 0, 4500000, 39946228, 'RK02', 'PDP00000\r'),
('TD00176', '2017-09-30 00:00:00', 'Nurul Fikri', 0, 1000000, 38946228, 'RK07', 'PDP00000\r'),
('TD00177', '2017-09-30 00:00:00', 'Bagi Hasil ', 30671, 0, 38976899, 'RK04', 'PDP10021\r'),
('TD00178', '2017-09-30 00:00:00', 'Pajak', 0, 6134, 38970765, 'RK13', 'PDP00000\r'),
('TD00179', '2017-09-30 00:00:00', 'Biaya Materai', 0, 6000, 38964765, 'RK13', 'PDP00000\r'),
('TD00180', '2017-09-30 00:00:00', 'Biaya Administrasi', 0, 25000, 38939765, 'RK13', 'PDP00000\r'),
('TD00181', '2017-10-04 00:00:00', 'arief', 0, 556500, 38383265, 'RK10', 'PDP00000\r'),
('TD00182', '2017-10-04 00:00:00', 'arief', 0, 384000, 37999265, 'RK07', 'PDP00000\r'),
('TD00183', '2017-10-04 00:00:00', 'TRANSFER BALIK', 40000000, 0, 77999265, 'RK04', 'PDP10022\r'),
('TD00184', '2017-10-05 00:00:00', 'Biaya adm. BSMNET September 17', 0, 10000, 77989265, 'RK13', 'PDP00000\r'),
('TD00185', '2017-10-06 00:00:00', 'Biaya Transaksi', 0, 6500, 77982765, 'RK13', 'PDP00000\r'),
('TD00186', '2017-10-06 00:00:00', 'payment for inv', 0, 3000000, 74982765, 'RK03', 'PDP00000\r'),
('TD00187', '2017-10-06 00:00:00', 'Biaya Transaksi', 0, 6500, 74976265, 'RK13', 'PDP00000\r'),
('TD00188', '2017-10-06 00:00:00', 'dp for 1709-019', 0, 21375750, 53600515, 'RK03', 'PDP00000\r'),
('TD00189', '2017-10-06 00:00:00', 'payment for sanpolac etc', 0, 1730000, 51870515, 'RK03', 'PDP00000\r'),
('TD00190', '2017-10-17 00:00:00', 'htn', 0, 197820, 51672695, 'RK13', 'PDP00000\r'),
('TD00191', '2017-10-18 00:00:00', 'hfz', 0, 9961630, 41711065, 'RK12', 'PDP00000\r'),
('TD00192', '2017-10-18 00:00:00', 'Biaya Transaksi', 0, 6500, 41704565, 'RK13', 'PDP00000\r'),
('TD00193', '2017-10-19 00:00:00', 'indihome-oct-17', 0, 388550, 41316015, 'RK10', 'PDP00000\r'),
('TD00194', '2017-10-24 00:00:00', '0090000-JHON ISRA-TRANSFER', 50000000, 0, 91316015, 'RK04', 'PDP10023\r'),
('TD00195', '2017-10-24 00:00:00', 'arief', 0, 717000, 90599015, 'RK07', 'PDP00000\r'),
('TD00196', '2017-10-24 00:00:00', 'arief', 0, 276000, 90323015, 'RK10', 'PDP00000\r'),
('TD00197', '2017-10-25 00:00:00', '0420000-R OMRON MANUFACTURING OF IN', 23410200, 0, 113733215, 'RK04', 'PDP10024\r'),
('TD00198', '2017-10-27 00:00:00', 'Biaya Transaksi', 0, 6500, 113726715, 'RK13', 'PDP00000\r'),
('TD00199', '2017-10-27 00:00:00', 'ang-inv172247', 0, 6200000, 107526715, 'RK03', 'PDP00000\r'),
('TD00200', '2017-10-27 00:00:00', 'Biaya Transaksi', 0, 6500, 107520215, 'RK13', 'PDP00000\r'),
('TD00201', '2017-10-27 00:00:00', 'ang-inv172199', 0, 3200000, 104320215, 'RK03', 'PDP00000\r'),
('TD00202', '2017-10-27 00:00:00', '0220000-CHAO LONG MOTOR PARTS INDON', 25828000, 0, 130148215, 'RK04', 'PDP10025\r'),
('TD00203', '2017-10-30 00:00:00', '0090000-BENDAHARA PENGELUARAN UPI-P', 108157600, 0, 238305815, 'RK04', 'PDP10026\r'),
('TD00204', '2017-10-30 00:00:00', 'arief', 0, 4000000, 234305815, 'RK02', 'PDP00000\r'),
('TD00205', '2017-10-30 00:00:00', 'M arya gj', 0, 24000000, 210305815, 'RK02', 'PDP00000\r'),
('TD00206', '2017-10-30 00:00:00', 'M arya', 0, 5000000, 205305815, 'RK07', 'PDP00000\r'),
('TD00207', '2017-10-30 00:00:00', 'Nurul Fikri gj', 0, 4500000, 200805815, 'RK02', 'PDP00000\r'),
('TD00208', '2017-10-30 00:00:00', 'Nurul Fikri-ops-oct17', 0, 4000000, 196805815, 'RK07', 'PDP00000\r'),
('TD00209', '2017-10-31 00:00:00', 'Bagi Hasil ', 15140, 0, 196820955, 'RK04', 'PDP10027\r'),
('TD00210', '2017-10-31 00:00:00', 'Pajak', 0, 3028, 196817927, 'RK13', 'PDP00000\r'),
('TD00211', '2017-11-01 00:00:00', 'Biaya Materai', 0, 6000, 196811927, 'RK13', 'PDP00000\r'),
('TD00212', '2017-11-01 00:00:00', 'Biaya Administrasi', 0, 25000, 196786927, 'RK13', 'PDP00000\r'),
('TD00213', '2017-11-01 00:00:00', 'Biaya Transaksi', 0, 6500, 196780427, 'RK13', 'PDP00000\r'),
('TD00214', '2017-11-01 00:00:00', 'wnt-upi-tank-work-pt01', 0, 25000000, 171780427, 'RK01', 'PDP00000\r'),
('TD00215', '2017-11-01 00:00:00', 'Biaya Transaksi', 0, 6500, 171773927, 'RK13', 'PDP00000\r'),
('TD00216', '2017-11-01 00:00:00', 'wnt-upi-tank-work-pt02', 0, 25000000, 146773927, 'RK01', 'PDP00000\r'),
('TD00217', '2017-11-01 00:00:00', 'arief-claim-internal-2-oct 17', 0, 300300, 146473627, 'RK10', 'PDP00000\r'),
('TD00218', '2017-11-03 00:00:00', 'Biaya Transaksi', 0, 6500, 146467127, 'RK13', 'PDP00000\r'),
('TD00219', '2017-11-03 00:00:00', 'wnt-upi-tank-work-pt03', 0, 25000000, 121467127, 'RK01', 'PDP00000\r'),
('TD00220', '2017-11-03 00:00:00', 'Biaya Transaksi', 0, 6500, 121460627, 'RK13', 'PDP00000\r'),
('TD00221', '2017-11-03 00:00:00', 'PI20324805-advantech-htn', 0, 14960000, 106500627, 'RK03', 'PDP00000\r'),
('TD00222', '2017-11-03 00:00:00', 'Biaya Transaksi', 0, 6500, 106494127, 'RK13', 'PDP00000\r'),
('TD00223', '2017-11-03 00:00:00', 'wnt-upi-tank-work-pt04', 0, 25000000, 81494127, 'RK01', 'PDP00000\r'),
('TD00224', '2017-11-05 00:00:00', 'Biaya adm. BSMNET Oktober 17', 0, 10000, 81484127, 'RK13', 'PDP00000\r'),
('TD00225', '2017-11-06 00:00:00', 'ppnpph-oct-17', 0, 3039746, 78444381, 'RK13', 'PDP00000\r'),
('TD00226', '2017-11-07 00:00:00', '0220000-CHAO LONG MOTOR PARTS INDON', 19371000, 0, 97815381, 'RK04', 'PDP10028\r'),
('TD00227', '2017-11-15 00:00:00', '0090000-RPKBUNPspanBNI-SPAN SP2D 17', 65735319, 0, 163550700, 'RK04', 'PDP10029\r'),
('TD00228', '2017-11-19 00:00:00', 'indihome-nov-17', 0, 378177, 163172523, 'RK10', 'PDP00000\r'),
('TD00229', '2017-11-21 00:00:00', 'trvl-jkt-mlg', 0, 857221, 162315302, 'RK01', 'PDP00000\r'),
('TD00230', '2017-11-21 00:00:00', 'Biaya Transaksi', 0, 6500, 162308802, 'RK13', 'PDP00000\r'),
('TD00231', '2017-11-21 00:00:00', 'Biaya Transaksi', 0, 6500, 162302302, 'RK13', 'PDP00000\r'),
('TD00232', '2017-11-21 00:00:00', 'office-lcns', 0, 25000000, 137302302, 'RK08', 'PDP00000\r'),
('TD00233', '2017-11-21 00:00:00', 'Biaya Transaksi', 0, 6500, 137295802, 'RK13', 'PDP00000\r'),
('TD00234', '2017-11-21 00:00:00', 'office-lcns', 0, 24850000, 112445802, 'RK08', 'PDP00000\r'),
('TD00235', '2017-11-21 00:00:00', 'WONDERWARE', 3000000, 0, 115445802, 'RK04', 'PDP10030\r'),
('TD00236', '2017-11-21 00:00:00', 'Biaya Transaksi', 0, 6500, 115439302, 'RK13', 'PDP00000\r'),
('TD00237', '2017-11-21 00:00:00', 'wonderware-htn', 0, 2948000, 112491302, 'RK03', 'PDP00000\r'),
('TD00238', '2017-11-22 00:00:00', 'M arya-ppe-purchase', 0, 500000, 111991302, 'RK07', 'PDP00000\r'),
('TD00239', '2017-11-22 00:00:00', 'lumajang-hotel-inv1944', 0, 700000, 111291302, 'RK01', 'PDP00000\r'),
('TD00240', '2017-11-22 00:00:00', 'Biaya Transaksi', 0, 6500, 111284802, 'RK13', 'PDP00000\r'),
('TD00241', '2017-11-23 00:00:00', '173258SPY7 211117 KOR NET PRM', 6500, 0, 111291302, 'RK04', 'PDP10031\r'),
('TD00242', '2017-11-23 00:00:00', '17325C0K33 211117 KOR NET PRM', 6500, 0, 111297802, 'RK04', 'PDP10032\r'),
('TD00243', '2017-11-23 00:00:00', '173258SPY7 211117 KOR NET PRM', 25000000, 0, 136297802, 'RK04', 'PDP10033\r'),
('TD00244', '2017-11-23 00:00:00', '17325C0K33 211117 KOR NET PRM', 24850000, 0, 161147802, 'RK04', 'PDP10034\r'),
('TD00245', '2017-11-24 00:00:00', 'Biaya Transaksi', 0, 6500, 161141302, 'RK13', 'PDP00000\r'),
('TD00246', '2017-11-24 00:00:00', 'grnd-darmo-htn', 0, 576583, 160564719, 'RK01', 'PDP00000\r'),
('TD00247', '2017-11-24 00:00:00', 'flight-srby-jkt-htn', 0, 710635, 159854084, 'RK01', 'PDP00000\r'),
('TD00248', '2017-11-24 00:00:00', 'Biaya Transaksi', 0, 6500, 159847584, 'RK13', 'PDP00000\r'),
('TD00249', '2017-11-25 00:00:00', 'Biaya Transaksi', 0, 6500, 159841084, 'RK13', 'PDP00000\r'),
('TD00250', '2017-11-25 00:00:00', 'sgd-5k-part1', 0, 25000000, 134841084, 'RK12', 'PDP00000\r'),
('TD00251', '2017-11-25 00:00:00', 'Biaya Transaksi', 0, 6500, 134834584, 'RK13', 'PDP00000\r'),
('TD00252', '2017-11-25 00:00:00', 'sgd-5k-part2', 0, 24850000, 109984584, 'RK12', 'PDP00000\r'),
('TD00253', '2017-11-25 00:00:00', 'Biaya Transaksi', 0, 6500, 109978084, 'RK13', 'PDP00000\r'),
('TD00254', '2017-11-25 00:00:00', 'sgd-2k', 0, 20092946, 89885138, 'RK12', 'PDP00000\r'),
('TD00255', '2017-11-29 00:00:00', 'M arya-gaji-nov17', 0, 4000000, 85885138, 'RK02', 'PDP00000\r'),
('TD00256', '2017-11-29 00:00:00', 'M arya-ops-nov17', 0, 900000, 84985138, 'RK07', 'PDP00000\r'),
('TD00257', '2017-11-29 00:00:00', 'arief-gaji-nov17', 0, 4000000, 80985138, 'RK02', 'PDP00000\r'),
('TD00258', '2017-11-29 00:00:00', 'arief-claim(int)-nov17', 0, 738643, 80246495, 'RK10', 'PDP00000\r'),
('TD00259', '2017-11-29 00:00:00', 'arief-claim(proj)-nov17', 0, 411433, 79835062, 'RK07', 'PDP00000\r'),
('TD00260', '2017-11-29 00:00:00', 'Nurul Fikri-gaji-nov17', 0, 4500000, 75335062, 'RK02', 'PDP00000\r'),
('TD00261', '2017-11-29 00:00:00', 'Nurul Fikri-ops-nov17', 0, 1000000, 74335062, 'RK07', 'PDP00000\r'),
('TD00262', '2017-11-30 00:00:00', '0090000-CITRA NISSA ALDINAITB-PBY T', 42622635, 0, 116957697, 'RK04', 'PDP10035\r'),
('TD00263', '2017-11-30 00:00:00', '0090000-CITRA NISSA ALDINAITB-PBY C', 43574338, 0, 160532035, 'RK04', 'PDP10036\r'),
('TD00264', '2017-11-30 00:00:00', '0090000-CITRA NISSA ALDINAITB-PBY L', 50000000, 0, 210532035, 'RK04', 'PDP10037\r'),
('TD00265', '2017-11-30 00:00:00', 'Bagi Hasil ', 38535, 0, 210570570, 'RK04', 'PDP10038\r'),
('TD00266', '2017-11-30 00:00:00', 'Pajak', 0, 7707, 210562863, 'RK13', 'PDP00000\r'),
('TD00267', '2017-12-01 00:00:00', 'Biaya Materai', 0, 6000, 210556863, 'RK13', 'PDP00000\r'),
('TD00268', '2017-12-01 00:00:00', 'Biaya Administrasi', 0, 25000, 210531863, 'RK13', 'PDP00000\r'),
('TD00269', '2017-12-01 00:00:00', 'M arya-jkt-srby-pens', 0, 670000, 209861863, 'RK05', 'PDP00000\r'),
('TD00270', '2017-12-01 00:00:00', 'Biaya Transaksi', 0, 6500, 209855363, 'RK13', 'PDP00000\r'),
('TD00271', '2017-12-01 00:00:00', 'Biaya Transaksi', 0, 6500, 209848863, 'RK13', 'PDP00000\r'),
('TD00272', '2017-12-01 00:00:00', 'M arya-srby-jkt-pens', 0, 606231, 209242632, 'RK05', 'PDP00000\r'),
('TD00273', '2017-12-04 00:00:00', 'M arya-htl-srby-pens', 0, 939048, 208303584, 'RK05', 'PDP00000\r'),
('TD00274', '2017-12-04 00:00:00', 'Biaya Transaksi', 0, 6500, 208297084, 'RK13', 'PDP00000\r'),
('TD00275', '2017-12-04 00:00:00', 'Biaya Transaksi', 0, 6500, 208290584, 'RK13', 'PDP00000\r'),
('TD00276', '2017-12-04 00:00:00', 'Nurul Fikri-jkt-ygy-ugm', 0, 450427, 207840157, 'RK03', 'PDP00000\r'),
('TD00277', '2017-12-04 00:00:00', 'Biaya Transaksi', 0, 6500, 207833657, 'RK13', 'PDP00000\r'),
('TD00278', '2017-12-04 00:00:00', 'Nurul Fikri-htl-ygy-ugm', 0, 350531, 207483126, 'RK03', 'PDP00000\r'),
('TD00279', '2017-12-05 00:00:00', 'Biaya Transaksi', 0, 6500, 207476626, 'RK13', 'PDP00000\r'),
('TD00280', '2017-12-05 00:00:00', 'htn-PI20325836-part1', 0, 2500000, 204976626, 'RK03', 'PDP00000\r'),
('TD00281', '2017-12-05 00:00:00', 'Biaya Transaksi', 0, 6500, 204970126, 'RK13', 'PDP00000\r'),
('TD00282', '2017-12-05 00:00:00', 'htn-PI20325836-part2', 0, 25000000, 179970126, 'RK03', 'PDP00000\r'),
('TD00283', '2017-12-05 00:00:00', 'Biaya Transaksi', 0, 6500, 179963626, 'RK13', 'PDP00000\r'),
('TD00284', '2017-12-05 00:00:00', 'htn-PI20325836-part3', 0, 550000, 179413626, 'RK03', 'PDP00000\r'),
('TD00285', '2017-12-05 00:00:00', 'Biaya Transaksi', 0, 6500, 179407126, 'RK13', 'PDP00000\r'),
('TD00286', '2017-12-05 00:00:00', 'sgd-2k', 0, 20040000, 159367126, 'RK12', 'PDP00000\r'),
('TD00287', '2017-12-05 00:00:00', 'Biaya adm. BSMNET November 17', 0, 10000, 159357126, 'RK13', 'PDP00000\r'),
('TD00288', '2017-12-05 00:00:00', 'Biaya Transaksi', 0, 6500, 159350626, 'RK13', 'PDP00000\r'),
('TD00289', '2017-12-05 00:00:00', 'Nurul Fikri-ygy-jkt-ugm', 0, 523554, 158827072, 'RK03', 'PDP00000\r'),
('TD00290', '2017-12-06 00:00:00', 'BSM ATM Transfer to BSM 6076103123', 10000000, 0, 168827072, 'RK04', 'PDP10039\r'),
('TD00291', '2017-12-07 00:00:00', 'Biaya Transaksi', 0, 6500, 168820572, 'RK13', 'PDP00000\r'),
('TD00292', '2017-12-07 00:00:00', 'HTN', 0, 1000000, 167820572, 'RK03', 'PDP00000\r'),
('TD00293', '2017-12-07 00:00:00', 'Biaya Transaksi', 0, 6500, 167814072, 'RK13', 'PDP00000\r'),
('TD00294', '2017-12-07 00:00:00', 'HTN-IV10052401', 0, 1000000, 166814072, 'RK03', 'PDP00000\r'),
('TD00295', '2017-12-08 00:00:00', 'tax-411128-1212-17', 0, 1338154, 165475918, 'RK13', 'PDP00000\r'),
('TD00296', '2017-12-08 00:00:00', 'tax-411211-1111-17', 0, 12021542, 153454376, 'RK13', 'PDP00000\r'),
('TD00297', '2017-12-11 00:00:00', 'Setoran Tunai', 13720000, 0, 167174376, 'RK04', 'PDP10040\r'),
('TD00298', '2017-12-12 00:00:00', 'Laptop-hp', 0, 6000000, 161174376, 'RK07', 'PDP00000\r'),
('TD00299', '2017-12-12 00:00:00', 'Biaya Transaksi', 0, 6500, 161167876, 'RK13', 'PDP00000\r'),
('TD00300', '2017-12-14 00:00:00', '0610000-PREFORMED LINE PRODUCTS IND', 11000000, 0, 172167876, 'RK04', 'PDP10041\r'),
('TD00301', '2017-12-14 00:00:00', 'M arya-claim-11-17', 0, 2873900, 169293976, 'RK07', 'PDP00000\r'),
('TD00302', '2017-12-14 00:00:00', 'M arya-claim-12-17', 0, 1529000, 167764976, 'RK07', 'PDP00000\r'),
('TD00303', '2017-12-14 00:00:00', 'PEM SOFTWARE PRAKTIKUM TE UNS', 34120000, 0, 201884976, 'RK04', 'PDP10042\r'),
('TD00304', '2017-12-15 00:00:00', 'Biaya Transaksi', 0, 6500, 201878476, 'RK13', 'PDP00000\r'),
('TD00305', '2017-12-15 00:00:00', 'plnsn-1709-019-pac', 0, 23025750, 178852726, 'RK03', 'PDP00000\r'),
('TD00306', '2017-12-15 00:00:00', 'Biaya Transaksi', 0, 6500, 178846226, 'RK13', 'PDP00000\r'),
('TD00307', '2017-12-15 00:00:00', 'sgd-2k-convrt', 0, 20154200, 158692026, 'RK12', 'PDP00000\r'),
('TD00308', '2017-12-15 00:00:00', 'Biaya Transaksi', 0, 6500, 158685526, 'RK13', 'PDP00000\r'),
('TD00309', '2017-12-15 00:00:00', 'sgd-5k-part01', 0, 25000000, 133685526, 'RK12', 'PDP00000\r'),
('TD00310', '2017-12-15 00:00:00', 'Biaya Transaksi', 0, 6500, 133679026, 'RK13', 'PDP00000\r'),
('TD00311', '2017-12-15 00:00:00', 'sgd-5k-part02', 0, 25000000, 108679026, 'RK12', 'PDP00000\r'),
('TD00312', '2017-12-15 00:00:00', 'Biaya Transaksi', 0, 6500, 108672526, 'RK13', 'PDP00000\r'),
('TD00313', '2017-12-15 00:00:00', 'sgd-5k-part03', 0, 395450, 108277076, 'RK12', 'PDP00000\r'),
('TD00314', '2017-12-15 00:00:00', 'office-lcns', 0, 1485300, 106791776, 'RK08', 'PDP00000\r'),
('TD00315', '2017-12-15 00:00:00', 'Biaya Transaksi', 0, 6500, 106785276, 'RK13', 'PDP00000\r'),
('TD00316', '2017-12-16 00:00:00', 'Nurul Fikri-claim-proj-nov17', 0, 723000, 106062276, 'RK07', 'PDP00000\r'),
('TD00317', '2017-12-16 00:00:00', 'Nurul Fikri-claim-intrnl-nov17', 0, 1261550, 104800726, 'RK07', 'PDP00000\r'),
('TD00318', '2017-12-19 00:00:00', 'Biaya Transaksi', 0, 6500, 104794226, 'RK13', 'PDP00000\r'),
('TD00319', '2017-12-19 00:00:00', 'HP-probook-430', 0, 15600000, 89194226, 'RK01', 'PDP00000\r'),
('TD00320', '2017-12-19 00:00:00', 'for-indihome', 0, 413363, 88780863, 'RK10', 'PDP00000\r'),
('TD00321', '2017-12-20 00:00:00', '0080000-FT UGM-PENGADAAN SOFTWARE', 177831773, 0, 266612636, 'RK04', 'PDP10043\r'),
('TD00322', '2017-12-27 00:00:00', '0090000-RPKBUNPspanBNI-SPAN SP2D 17', 61517728, 0, 328130364, 'RK04', 'PDP10044\r'),
('TD00323', '2017-12-30 00:00:00', 'M arya-gaji-dec17', 0, 4000000, 324130364, 'RK02', 'PDP00000\r'),
('TD00324', '2017-12-30 00:00:00', 'M arya-ops-dec17', 0, 900000, 323230364, 'RK07', 'PDP00000\r'),
('TD00325', '2017-12-30 00:00:00', 'arief-gaji-dec17', 0, 4000000, 319230364, 'RK02', 'PDP00000\r'),
('TD00326', '2017-12-30 00:00:00', 'Nurul Fikri-gaji-dec17', 0, 4500000, 314730364, 'RK02', 'PDP00000\r'),
('TD00327', '2017-12-30 00:00:00', 'Nurul Fikri-ops-nov17', 0, 1500000, 313230364, 'RK07', 'PDP00000\r'),
('TD00328', '2017-12-31 00:00:00', 'arief-claim(int)-dec17', 0, 1768050, 311462314, 'RK10', 'PDP00000\r'),
('TD00329', '2017-12-31 00:00:00', 'arief-claim(proj)-dec17', 0, 763000, 310699314, 'RK07', 'PDP00000\r'),
('TD00330', '2017-12-31 00:00:00', 'Bagi Hasil ', 67117, 0, 310766431, 'RK04', 'PDP10045\r'),
('TD00331', '2017-12-31 00:00:00', 'Pajak', 0, 13423, 310753008, 'RK13', 'PDP00000\r'),
('TD00332', '2018-01-01 00:00:00', 'saldo awal 2018', 310753008, 0, 310753008, 'RK04', 'PDP10046\r'),
('TD00333', '2018-01-01 00:00:00', 'biaya materai', 0, 6500, 310746508, 'RK13', 'PDP00000\r'),
('TD00334', '2018-01-01 00:00:00', 'Bagi Hasil ', 25790, 0, 310772298, 'RK04', 'PDP10047\r'),
('TD00335', '2018-01-02 00:00:00', 'biaya transaksi', 0, 6500, 310765798, 'RK13', 'PDP00000\r'),
('TD00336', '2018-01-04 00:00:00', 'arif-sgd-1k-convrt', 0, 10736000, 300029798, 'RK12', 'PDP00000\r'),
('TD00337', '2018-01-05 00:00:00', 'fikri-employee-pymnt-part1', 0, 1000000, 299029798, 'RK12', 'PDP00000\r'),
('TD00338', '2018-01-05 00:00:00', 'fikri-employee-pymnt-part2', 0, 1000000, 298029798, 'RK12', 'PDP00000\r'),
('TD00339', '2018-01-10 00:00:00', 'nurul fikri gaji jan-18', 0, 4500000, 293529798, 'RK02', 'PDP00000\r'),
('TD00340', '2018-01-10 00:00:00', 'm arya gaji jan-18', 0, 4000000, 289529798, 'RK02', 'PDP00000\r'),
('TD00341', '2018-01-10 00:00:00', 'zulkifli gaji jan-18', 0, 4000000, 285529798, 'RK02', 'PDP00000\r'),
('TD00342', '2018-01-10 00:00:00', 'arief rahman gaji jan-18', 0, 3000000, 282529798, 'RK02', 'PDP00000\r'),
('TD00343', '2018-01-10 00:00:00', 'arif-sgd-5k-part01', 0, 1000000, 281529798, 'RK12', 'PDP00000\r'),
('TD00344', '2018-01-10 00:00:00', 'arif-sgd-5k-part02', 0, 1000000, 280529798, 'RK12', 'PDP00000\r'),
('TD00345', '2018-01-10 00:00:00', 'arif-sgd-5k-part03', 0, 312550, 280217248, 'RK12', 'PDP00000\r'),
('TD00346', '2018-01-12 00:00:00', 'arif-sgd-1k-conv', 0, 10057230, 270160018, 'RK12', 'PDP00000\r'),
('TD00347', '2018-01-22 00:00:00', 'indh-jan-18', 0, 430474, 269729544, 'RK10', 'PDP00000\r'),
('TD00348', '2018-01-31 00:00:00', 'pajak', 0, 5158, 269724386, 'RK13', 'PDP00000\r'),
('TD00349', '2018-02-01 00:00:00', 'arya-claim(int)-feb18', 0, 836442, 268887944, 'RK10', 'PDP00000\r'),
('TD00350', '2018-02-01 00:00:00', 'arya-claim(proj)-feb18', 0, 897000, 267990944, 'RK07', 'PDP00000\r'),
('TD00351', '2018-02-03 00:00:00', 'fikri-employee-pymnt', 0, 10000000, 257990944, 'RK12', 'PDP00000\r'),
('TD00352', '2018-02-05 00:00:00', 'nurul fikri gaji feb-18', 0, 4500000, 253490944, 'RK02', 'PDP00000\r'),
('TD00353', '2018-02-05 00:00:00', 'm arya gaji feb-18', 0, 4000000, 249490944, 'RK02', 'PDP00000\r'),
('TD00354', '2018-02-05 00:00:00', 'zulkifli gaji feb-18', 0, 4000000, 245490944, 'RK02', 'PDP00000\r'),
('TD00355', '2018-02-05 00:00:00', 'arief rahman gaji feb-18', 0, 3000000, 242490944, 'RK02', 'PDP00000\r'),
('TD00356', '2018-02-05 00:00:00', 'biaya materai', 0, 6500, 242484444, 'RK13', 'PDP00000\r'),
('TD00357', '2018-02-05 00:00:00', 'sgd-cnvrt', 0, 5000000, 237484444, 'RK12', 'PDP00000\r'),
('TD00358', '2018-02-09 00:00:00', 'biaya transaksi', 0, 6500, 237477944, 'RK13', 'PDP00000\r'),
('TD00359', '2018-02-11 00:00:00', 'Pby Alat Invoice No.1711-027', 24151600, 0, 261629544, 'RK04', 'PDP10048\r'),
('TD00360', '2018-02-11 00:00:00', 'fikri-purch-krsbw-case', 0, 1129900, 260499644, 'RK09', 'PDP00000\r'),
('TD00361', '2018-02-11 00:00:00', 'fikri-purch-prfl-print', 0, 975000, 259524644, 'RK07', 'PDP00000\r'),
('TD00362', '2018-02-11 00:00:00', 'fikri-purch-obeng', 0, 136300, 259388344, 'RK09', 'PDP00000\r'),
('TD00363', '2018-02-12 00:00:00', 'arif-sgd-500-convrt', 0, 5126930, 254261414, 'RK12', 'PDP00000\r'),
('TD00364', '2018-02-13 00:00:00', 'htl-mlg-mrkt', 0, 376789, 253884625, 'RK07', 'PDP00000\r'),
('TD00365', '2018-02-20 00:00:00', 'indih-feb-18', 0, 393380, 253491245, 'RK10', 'PDP00000\r'),
('TD00366', '2018-02-26 00:00:00', 'fikri-purch-medium-case', 0, 849000, 252642245, 'RK09', 'PDP00000\r'),
('TD00367', '2018-02-28 00:00:00', 'pajak', 0, 2651, 252639594, 'RK13', 'PDP00000\r'),
('TD00368', '2018-02-28 00:00:00', '0420000-R OMRON MANUFACTURING OF IN', 188454200, 0, 441093794, 'RK04', 'PDP10049\r'),
('TD00369', '2018-03-01 00:00:00', 'Bagi Hasil ', 13257, 0, 441107051, 'RK04', 'PDP10050\r'),
('TD00370', '2018-03-01 00:00:00', 'zulkifli-ops-mar-18', 0, 5000000, 436107051, 'RK07', 'PDP00000\r'),
('TD00371', '2018-03-01 00:00:00', 'fikri-ops-mar-18', 0, 4000000, 432107051, 'RK07', 'PDP00000\r'),
('TD00372', '2018-03-01 00:00:00', 'arya-claim(int)-mar18', 0, 524700, 431582351, 'RK10', 'PDP00000\r'),
('TD00373', '2018-03-01 00:00:00', 'arya-claim(proj)-jan18', 0, 491447, 431090904, 'RK07', 'PDP00000\r'),
('TD00374', '2018-03-09 00:00:00', 'nurul fikri gaji maret-18', 0, 4500000, 426590904, 'RK02', 'PDP00000\r'),
('TD00375', '2018-03-09 00:00:00', 'm arya gaji maret-18', 0, 4000000, 422590904, 'RK02', 'PDP00000\r'),
('TD00376', '2018-03-09 00:00:00', 'zulkifli gaji maret-18', 0, 4000000, 418590904, 'RK02', 'PDP00000\r'),
('TD00377', '2018-03-09 00:00:00', 'arief rahman gaji maret-18', 0, 3000000, 415590904, 'RK02', 'PDP00000\r'),
('TD00378', '2018-03-09 00:00:00', 'htn-arif-pymnt-pt01', 0, 5000000, 410590904, 'RK12', 'PDP00000\r'),
('TD00379', '2018-03-09 00:00:00', 'htn-arif-pymnt-pt02', 0, 5000000, 405590904, 'RK12', 'PDP00000\r'),
('TD00380', '2018-03-09 00:00:00', 'htn-arif-pymnt-pt03', 0, 5000000, 400590904, 'RK12', 'PDP00000\r'),
('TD00381', '2018-03-09 00:00:00', 'htn-arif-pymnt-pt04', 0, 5000000, 395590904, 'RK12', 'PDP00000\r'),
('TD00382', '2018-03-12 00:00:00', 'LabVIEW &  DAQ Training', 0, 895771, 394695133, 'RK05', 'PDP00000\r'),
('TD00383', '2018-03-14 00:00:00', 'biaya materai', 0, 6500, 394688633, 'RK13', 'PDP00000\r'),
('TD00384', '2018-03-14 00:00:00', 'biaya transaksi', 0, 6500, 394682133, 'RK13', 'PDP00000\r'),
('TD00385', '2018-03-14 00:00:00', 'htn-arif-pymnt-pt01', 0, 5000000, 389682133, 'RK12', 'PDP00000\r'),
('TD00386', '2018-03-14 00:00:00', 'htn-arif-pymnt-pt02', 0, 5000000, 384682133, 'RK12', 'PDP00000\r'),
('TD00387', '2018-03-14 00:00:00', 'htn-arif-pymnt-pt03', 0, 5000000, 379682133, 'RK12', 'PDP00000\r'),
('TD00388', '2018-03-14 00:00:00', 'htn-arif-pymnt-pt04', 0, 5000000, 374682133, 'RK12', 'PDP00000\r'),
('TD00389', '2018-03-16 00:00:00', 'htn-SPM-2017-12-001-part01', 0, 7734745, 366947388, 'RK12', 'PDP00000\r'),
('TD00390', '2018-03-21 00:00:00', 'indih-mar-18', 0, 383353, 366564035, 'RK10', 'PDP00000\r'),
('TD00391', '2018-03-24 00:00:00', '0480000-JVC ELECTRONICS-INV NO18010', 27707240, 0, 394271275, 'RK04', 'PDP10051\r'),
('TD00392', '2018-03-28 00:00:00', 'htn-arif-pymnt-pt01', 0, 15000000, 379271275, 'RK12', 'PDP00000\r'),
('TD00393', '2018-03-28 00:00:00', 'htn-arif-pymnt-pt02', 0, 1000000, 378271275, 'RK12', 'PDP00000\r'),
('TD00394', '2018-03-28 00:00:00', 'htn-arif-pymnt-pt03', 0, 1000000, 377271275, 'RK12', 'PDP00000\r'),
('TD00395', '2018-03-28 00:00:00', 'htn-arif-pymnt-pt04', 0, 1000000, 376271275, 'RK12', 'PDP00000\r'),
('TD00396', '2018-03-29 00:00:00', 'zulkifli-pymnt-sgd1907', 0, 20000000, 356271275, 'RK12', 'PDP00000\r'),
('TD00397', '2018-03-30 00:00:00', 'zulkifli-ops-mar-18', 0, 5000000, 351271275, 'RK07', 'PDP00000\r'),
('TD00398', '2018-03-30 00:00:00', 'fikri-ops-mar-18', 0, 4000000, 347271275, 'RK07', 'PDP00000\r'),
('TD00399', '2018-03-30 00:00:00', 'arya-claim(proj)-mar-18', 0, 422000, 346849275, 'RK07', 'PDP00000\r'),
('TD00400', '2018-03-30 00:00:00', 'arya-claim(int)-mar-18', 0, 1213400, 345635875, 'RK10', 'PDP00000\r'),
('TD00401', '2018-03-30 00:00:00', 'arya-pymnt-17-02', 0, 10000000, 335635875, 'RK12', 'PDP00000\r'),
('TD00402', '2018-03-30 00:00:00', 'zhd-sgd-2k', 0, 10983960, 324651915, 'RK12', 'PDP00000\r'),
('TD00403', '2018-03-31 00:00:00', 'pajak', 0, 7189, 324644726, 'RK13', 'PDP00000\r'),
('TD00404', '2018-04-01 00:00:00', '0420000-R OMRON MANUFACTURING OF IN', 57350600, 0, 381995326, 'RK04', 'PDP10052\r'),
('TD00405', '2018-04-04 00:00:00', 'Pengadaan Barang Lab LisDas', 0, 15000000, 366995326, 'RK03', 'PDP00000\r'),
('TD00406', '2018-04-05 00:00:00', 'nurul fikri gaji april-18', 0, 4500000, 362495326, 'RK02', 'PDP00000\r'),
('TD00407', '2018-04-05 00:00:00', 'm arya gaji april-18', 0, 4000000, 358495326, 'RK02', 'PDP00000\r'),
('TD00408', '2018-04-05 00:00:00', 'zulkifli gaji april-18', 0, 4000000, 354495326, 'RK02', 'PDP00000\r'),
('TD00409', '2018-04-05 00:00:00', 'arief rahman gaji april-18', 0, 3000000, 351495326, 'RK02', 'PDP00000\r'),
('TD00410', '2018-04-05 00:00:00', 'biaya materai', 0, 6500, 351488826, 'RK13', 'PDP00000\r'),
('TD00411', '2018-04-10 00:00:00', 'biaya transaksi', 0, 6500, 351482326, 'RK13', 'PDP00000\r'),
('TD00412', '2018-04-13 00:00:00', 'Pengadaan Barang Lab ElDas', 0, 15000000, 336482326, 'RK03', 'PDP00000\r'),
('TD00413', '2018-04-18 00:00:00', 'Supply for Blast Test (Data Recording System)', 0, 6100000, 330382326, 'RK03', 'PDP00000\r'),
('TD00414', '2018-04-19 00:00:00', 'TRANSFER', 41000000, 0, 371382326, 'RK04', 'PDP10053\r'),
('TD00415', '2018-04-20 00:00:00', 'indih-apr-18', 0, 404054, 370978272, 'RK10', 'PDP00000\r'),
('TD00416', '2018-04-23 00:00:00', 'Supply for Blast Test (Displacement Measurement Sensor)', 0, 6426000, 364552272, 'RK03', 'PDP00000\r'),
('TD00417', '2018-04-23 00:00:00', 'zulkifli-pymnt-sgd-1k', 0, 10544445, 354007827, 'RK12', 'PDP00000\r'),
('TD00418', '2018-04-27 00:00:00', 'Supply of Thermocouple', 0, 1000000, 353007827, 'RK03', 'PDP00000\r'),
('TD00419', '2018-04-29 00:00:00', 'pajak', 0, 9269, 352998558, 'RK13', 'PDP00000\r'),
('TD00420', '2018-04-30 00:00:00', 'zhd-sgd-2.2k', 0, 3062490, 349936068, 'RK12', 'PDP00000\r'),
('TD00421', '2018-05-01 00:00:00', 'biaya materai', 0, 6500, 349929568, 'RK13', 'PDP00000\r'),
('TD00422', '2018-05-01 00:00:00', '0090000-UGMTKKFBIAYA PENDIDIKAN-PT', 44188600, 0, 394118168, 'RK04', 'PDP10054\r'),
('TD00423', '2018-05-01 00:00:00', 'zulkifli-ops-may-18', 0, 5000000, 389118168, 'RK07', 'PDP00000\r'),
('TD00424', '2018-05-01 00:00:00', 'fikri-ops-may-18', 0, 5000000, 384118168, 'RK07', 'PDP00000\r'),
('TD00425', '2018-05-03 00:00:00', 'nurul fikri gaji mei-18', 0, 4500000, 379618168, 'RK02', 'PDP00000\r'),
('TD00426', '2018-05-03 00:00:00', 'm arya gaji mei-18', 0, 4000000, 375618168, 'RK02', 'PDP00000\r'),
('TD00427', '2018-05-03 00:00:00', 'zulkifli gaji mei-18', 0, 4000000, 371618168, 'RK02', 'PDP00000\r'),
('TD00428', '2018-05-03 00:00:00', 'arief rahman gaji mei-18', 0, 3000000, 368618168, 'RK02', 'PDP00000\r'),
('TD00429', '2018-05-07 00:00:00', 'arya-claim(int)-may-18', 0, 398000, 368220168, 'RK10', 'PDP00000\r'),
('TD00430', '2018-05-14 00:00:00', 'pymnt-employe', 0, 5000000, 363220168, 'RK12', 'PDP00000\r'),
('TD00431', '2018-05-16 00:00:00', 'biaya transaksi', 0, 6500, 363213668, 'RK13', 'PDP00000\r'),
('TD00432', '2018-05-16 00:00:00', 'Supply of Thermocouple', 0, 1400000, 361813668, 'RK03', 'PDP00000\r'),
('TD00433', '2018-05-20 00:00:00', 'Sgd-conv-2k', 0, 1073340, 360740328, 'RK12', 'PDP00000\r'),
('TD00434', '2018-05-21 00:00:00', 'indih-may-18', 0, 400357, 360339971, 'RK10', 'PDP00000\r'),
('TD00435', '2018-05-22 00:00:00', 'htn-ac-inv', 0, 4200000, 356139971, 'RK09', 'PDP00000\r'),
('TD00436', '2018-05-25 00:00:00', 'arya-htn-rmt-05-001', 0, 5000000, 351139971, 'RK12', 'PDP00000\r'),
('TD00437', '2018-05-25 00:00:00', 'arya-htn-rmt-05-002', 0, 5000000, 346139971, 'RK12', 'PDP00000\r'),
('TD00438', '2018-05-30 00:00:00', 'Supply of Thermocouple', 0, 1600000, 344539971, 'RK03', 'PDP00000\r'),
('TD00439', '2018-05-30 00:00:00', 'ace-trolley-932201805281', 0, 458150, 344081821, 'RK09', 'PDP00000\r'),
('TD00440', '2018-05-31 00:00:00', 'pajak', 0, 37420, 344044401, 'RK13', 'PDP00000\r'),
('TD00441', '2018-05-31 00:00:00', 'bg-hsl-bfr-gst', 0, 7701103, 336343298, 'RK12', 'PDP00000\r'),
('TD00442', '2018-06-01 00:00:00', 'biaya materai', 0, 6500, 336336798, 'RK13', 'PDP00000\r'),
('TD00443', '2018-06-01 00:00:00', 'sewa kantor No.1 Unit B9', 0, 18000000, 318336798, 'RK08', 'PDP00000\r'),
('TD00444', '2018-06-01 00:00:00', 'Bagi Hasil ', 35933, 0, 318372731, 'RK04', 'PDP10055\r'),
('TD00445', '2018-06-01 00:00:00', 'zhd-sgd-2.65k', 0, 7546777, 310825954, 'RK12', 'PDP00000\r'),
('TD00446', '2018-06-02 00:00:00', 'Supply of Thermocouple', 0, 1000000, 309825954, 'RK03', 'PDP00000\r'),
('TD00447', '2018-06-05 00:00:00', 'nurul fikri gaji juni-18', 0, 4500000, 305325954, 'RK02', 'PDP00000\r'),
('TD00448', '2018-06-05 00:00:00', 'm arya gaji juni-18', 0, 4000000, 301325954, 'RK02', 'PDP00000\r'),
('TD00449', '2018-06-05 00:00:00', 'zulkifli gaji juni-18', 0, 4000000, 297325954, 'RK02', 'PDP00000\r'),
('TD00450', '2018-06-05 00:00:00', 'arief rahman gaji juni-18', 0, 3000000, 294325954, 'RK02', 'PDP00000\r'),
('TD00451', '2018-06-05 00:00:00', 'Training LabVIEW', 0, 1033217, 293292737, 'RK05', 'PDP00000\r'),
('TD00452', '2018-06-06 00:00:00', 'thr-2018', 0, 15500000, 277792737, 'RK02', 'PDP00000\r'),
('TD00453', '2018-06-07 00:00:00', 'Supply of Thermocouple', 0, 1000000, 276792737, 'RK03', 'PDP00000\r'),
('TD00454', '2018-06-07 00:00:00', 'arya-claim(proj)-juni18', 0, 52000, 276740737, 'RK07', 'PDP00000\r'),
('TD00455', '2018-06-07 00:00:00', 'arif-htn-rmt-06-001', 0, 5000000, 271740737, 'RK12', 'PDP00000\r'),
('TD00456', '2018-06-07 00:00:00', 'arif-htn-rmt-06-002', 0, 5000000, 266740737, 'RK12', 'PDP00000\r'),
('TD00457', '2018-06-07 00:00:00', 'arif-htn-rmt-06-003', 0, 4900483, 261840254, 'RK12', 'PDP00000\r'),
('TD00458', '2018-06-08 00:00:00', 'sgd-convert-1k', 0, 10423840, 251416414, 'RK12', 'PDP00000\r'),
('TD00459', '2018-06-11 00:00:00', 'arif-sgd-2706-prt01', 0, 3183505, 248232909, 'RK12', 'PDP00000\r'),
('TD00460', '2018-06-11 00:00:00', 'arif-sgd-2706-prt02', 0, 1000000, 247232909, 'RK12', 'PDP00000\r'),
('TD00461', '2018-06-12 00:00:00', 'zulkifli-pymnt-sgd500', 0, 5207595, 242025314, 'RK12', 'PDP00000\r'),
('TD00462', '2018-06-15 00:00:00', 'biaya transaksi', 0, 6500, 242018814, 'RK13', 'PDP00000\r'),
('TD00463', '2018-06-15 00:00:00', 'fikri-bdo-srby-mkt', 0, 544579, 241474235, 'RK07', 'PDP00000\r'),
('TD00464', '2018-06-15 00:00:00', '0140000-SEKOLAH TINGGI SAMPOERNA-HA', 122290560, 0, 363764795, 'RK04', 'PDP10056\r'),
('TD00465', '2018-06-16 00:00:00', 'Training LabVIEW & CLAD Exam', 0, 1516121, 362248674, 'RK05', 'PDP00000\r'),
('TD00466', '2018-06-19 00:00:00', 'Training LabVIEW FPGA', 0, 499748, 361748926, 'RK05', 'PDP00000\r'),
('TD00467', '2018-06-21 00:00:00', 'indih-jun-18', 0, 427951, 361320975, 'RK10', 'PDP00000\r'),
('TD00468', '2018-06-23 00:00:00', 'Supply for Acoustic Test', 0, 5400000, 355920975, 'RK03', 'PDP00000\r'),
('TD00469', '2018-06-27 00:00:00', '0420000-R OMRON MANUFACTURING OF IN', 5783800, 0, 361704775, 'RK04', 'PDP10057\r'),
('TD00470', '2018-06-30 00:00:00', 'pajak', 0, 21245, 361683530, 'RK13', 'PDP00000\r'),
('TD00471', '2018-06-30 00:00:00', 'zhd-sgd1.5k', 0, 1759825, 359923705, 'RK12', 'PDP00000\r'),
('TD00472', '2018-07-01 00:00:00', 'biaya materai', 0, 6500, 359917205, 'RK13', 'PDP00000\r'),
('TD00473', '2018-07-04 00:00:00', 'biaya transaksi', 0, 6500, 359910705, 'RK13', 'PDP00000\r'),
('TD00474', '2018-07-06 00:00:00', 'nurul fikri gaji juli-18', 0, 4500000, 355410705, 'RK02', 'PDP00000\r'),
('TD00475', '2018-07-06 00:00:00', 'm arya gaji juli-18', 0, 4000000, 351410705, 'RK02', 'PDP00000\r'),
('TD00476', '2018-07-06 00:00:00', 'zulkifli gaji juli-18', 0, 4000000, 347410705, 'RK02', 'PDP00000\r'),
('TD00477', '2018-07-06 00:00:00', 'arief rahman gaji juli-18', 0, 3000000, 344410705, 'RK02', 'PDP00000\r'),
('TD00478', '2018-07-06 00:00:00', 'Office-lcns', 0, 1485300, 342925405, 'RK08', 'PDP00000\r'),
('TD00479', '2018-07-06 00:00:00', 'Supply of Thermocouple', 0, 1000000, 341925405, 'RK03', 'PDP00000\r'),
('TD00480', '2018-07-10 00:00:00', 'Supply PCI GPIB & SHC68-68-EPM', 0, 20000000, 321925405, 'RK03', 'PDP00000\r'),
('TD00481', '2018-07-15 00:00:00', 'fikri-htl-srby-mkt', 0, 473279, 321452126, 'RK07', 'PDP00000\r'),
('TD00482', '2018-07-17 00:00:00', 'DAQ for Blast Test', 0, 3435000, 318017126, 'RK01', 'PDP00000\r'),
('TD00483', '2018-07-19 00:00:00', 'indih-jul-18', 0, 373090, 317644036, 'RK10', 'PDP00000\r'),
('TD00484', '2018-07-21 00:00:00', 'Test Impact System', 0, 1500000, 316144036, 'RK01', 'PDP00000\r'),
('TD00485', '2018-07-21 00:00:00', 'Training Strain Gage', 0, 602812, 315541224, 'RK05', 'PDP00000\r'),
('TD00486', '2018-07-30 00:00:00', 'Bagi Hasil ', 46348, 0, 315587572, 'RK04', 'PDP10058\r'),
('TD00487', '2018-07-31 00:00:00', 'pajak', 0, 41561, 315546011, 'RK13', 'PDP00000\r'),
('TD00488', '2018-08-01 00:00:00', 'biaya materai', 0, 6500, 315539511, 'RK13', 'PDP00000\r'),
('TD00489', '2018-08-01 00:00:00', 'Supply of NI Modul', 0, 17214100, 298325411, 'RK03', 'PDP00000\r'),
('TD00490', '2018-08-04 00:00:00', 'Pembayaran Trans.Incoming', 79049310, 0, 377374721, 'RK04', 'PDP10059\r'),
('TD00491', '2018-08-06 00:00:00', 'nurul fikri gaji agustus-18', 0, 4500000, 372874721, 'RK02', 'PDP00000\r'),
('TD00492', '2018-08-06 00:00:00', 'm arya gaji agustus-18', 0, 4000000, 368874721, 'RK02', 'PDP00000\r'),
('TD00493', '2018-08-06 00:00:00', 'zulkifli gaji agustus-18', 0, 4000000, 364874721, 'RK02', 'PDP00000\r'),
('TD00494', '2018-08-06 00:00:00', 'arief rahman gaji agustus-18', 0, 3000000, 361874721, 'RK02', 'PDP00000\r'),
('TD00495', '2018-08-09 00:00:00', 'biaya transaksi', 0, 6500, 361868221, 'RK13', 'PDP00000\r'),
('TD00496', '2018-08-12 00:00:00', 'LabVIEW Academic', 0, 104800, 361763421, 'RK05', 'PDP00000\r'),
('TD00497', '2018-08-16 00:00:00', 'fikri-srby-bdo-mkt', 0, 1405084, 360358337, 'RK07', 'PDP00000\r'),
('TD00498', '2018-08-17 00:00:00', 'LabVIEW &  DAQ Training', 0, 346000, 360012337, 'RK05', 'PDP00000\r'),
('TD00499', '2018-08-17 00:00:00', 'Trf BSM to BSM - Mandiri', 2889824, 0, 362902161, 'RK04', 'PDP10060\r'),
('TD00500', '2018-08-19 00:00:00', 'indih-agustus-18', 0, 373090, 362529071, 'RK10', 'PDP00000\r'),
('TD00501', '2018-08-25 00:00:00', 'Test Impact System', 0, 1500000, 361029071, 'RK01', 'PDP00000\r'),
('TD00502', '2018-08-26 00:00:00', 'Impact Test DAQ Software', 0, 5245000, 355784071, 'RK01', 'PDP00000\r'),
('TD00504', '2018-08-26 00:00:00', '0480000-KEIHIN INDONESIA-PT KEIHIN', 81499999, 0, 425184070, 'RK04', 'PDP10061\r'),
('TD00505', '2018-08-28 00:00:00', '0420000-R OMRON MANUFACTURING OF IN', 16512530, 0, 441696600, 'RK04', 'PDP10062\r'),
('TD00506', '2018-08-30 00:00:00', 'zulkifli-ops-agustus-18', 0, 5000000, 436696600, 'RK07', 'PDP00000\r'),
('TD00507', '2018-08-31 00:00:00', 'pajak', 0, 52581, 436644019, 'RK13', 'PDP00000\r'),
('TD00508', '2018-09-01 00:00:00', 'biaya materai', 0, 6500, 436637519, 'RK13', 'PDP00000\r');
INSERT INTO `kasbesar` (`kd_kasbesar`, `tanggal`, `keterangan`, `debet`, `kredit`, `saldo`, `kd_jenisanggaran`, `kd_pendapatan`) VALUES
('TD00509', '2018-09-01 00:00:00', '0450000-UTAC MANUFACTURING SERVICES', 3240000, 0, 439877519, 'RK04', 'PDP10063\r'),
('TD00510', '2018-09-05 00:00:00', 'Supply LV. Academic', 0, 43012900, 396864619, 'RK03', 'PDP00000\r'),
('TD00511', '2018-09-06 00:00:00', 'Supply of Advantech IPC-610-L', 0, 20000000, 376864619, 'RK03', 'PDP00000\r'),
('TD00512', '2018-09-07 00:00:00', 'nurul fikri gaji sept-18', 0, 4500000, 372364619, 'RK02', 'PDP00000\r'),
('TD00513', '2018-09-07 00:00:00', 'm arya gaji sept-18', 0, 4000000, 368364619, 'RK02', 'PDP00000\r'),
('TD00514', '2018-09-07 00:00:00', 'zulkifli gaji sept-18', 0, 4000000, 364364619, 'RK02', 'PDP00000\r'),
('TD00515', '2018-09-07 00:00:00', 'arief rahman gaji sept-18', 0, 3000000, 361364619, 'RK02', 'PDP00000\r'),
('TD00516', '2018-09-07 00:00:00', 'biaya transaksi', 0, 6500, 361358119, 'RK13', 'PDP00000\r'),
('TD00517', '2018-09-11 00:00:00', 'indih-sept-18', 0, 373090, 360985029, 'RK10', 'PDP00000\r'),
('TD00518', '2018-09-15 00:00:00', 'Supply AKM43H', 0, 7796000, 353189029, 'RK03', 'PDP00000\r'),
('TD00519', '2018-09-17 00:00:00', 'Training LabVIEW FPGA', 0, 1766621, 351422408, 'RK05', 'PDP00000\r'),
('TD00521', '2018-09-21 00:00:00', 'Supply of Thermocouple', 0, 1000000, 346822408, 'RK03', 'PDP00000\r'),
('TD00522', '2018-09-28 00:00:00', 'pajak', 0, 52283, 346770125, 'RK13', 'PDP00000\r'),
('TD00523', '2018-09-30 00:00:00', 'fikri-ops-sept-18', 0, 4500000, 342270125, 'RK07', 'PDP00000\r'),
('TD00524', '2018-09-30 00:00:00', 'Bagi Hasil atau Bonus', 187102, 0, 342457227, 'RK04', 'PDP10064\r'),
('TD00525', '2018-10-04 00:00:00', '0480000-KEIHIN INDONESIA-PT KEIHIN', 5952320, 0, 348409547, 'RK04', 'PDP10065\r'),
('TD00526', '2018-10-05 00:00:00', 'Supply of Thermocouple', 0, 1000000, 347409547, 'RK03', 'PDP00000\r'),
('TD00527', '2018-10-06 00:00:00', 'nurul fikri gaji okt-18', 0, 4500000, 342909547, 'RK02', 'PDP00000\r'),
('TD00528', '2018-10-06 00:00:00', 'm arya gaji okt-18', 0, 4000000, 338909547, 'RK02', 'PDP00000\r'),
('TD00529', '2018-10-06 00:00:00', 'zulkifli gaji okt-18', 0, 4000000, 334909547, 'RK02', 'PDP00000\r'),
('TD00530', '2018-10-06 00:00:00', 'arief rahman gaji okt-18', 0, 3000000, 331909547, 'RK02', 'PDP00000\r'),
('TD00531', '2018-10-07 00:00:00', 'biaya materai', 0, 6500, 331903047, 'RK13', 'PDP00000\r'),
('TD00532', '2018-10-08 00:00:00', 'biaya transaksi', 0, 6500, 331896547, 'RK13', 'PDP00000\r'),
('TD00533', '2018-10-09 00:00:00', 'Supply of Servo Motor', 0, 7600000, 324296547, 'RK03', 'PDP00000\r'),
('TD00534', '2018-10-12 00:00:00', 'indih-okt-18', 0, 373090, 323923457, 'RK10', 'PDP00000\r'),
('TD00535', '2018-10-15 00:00:00', '0480000-JVC ELECTRONICS-INV NO 1805', 17403400, 0, 341326857, 'RK04', 'PDP10066\r'),
('TD00536', '2018-10-17 00:00:00', 'Supply of Thermocouple', 0, 1600000, 339726857, 'RK03', 'PDP00000\r'),
('TD00537', '2018-10-26 00:00:00', 'Bagi Hasil atau Bonus', 106225, 0, 339833082, 'RK04', 'PDP10067\r'),
('TD00538', '2018-10-27 00:00:00', 'Supply of Lighting Product Accessories', 0, 5000000, 334833082, 'RK03', 'PDP00000\r'),
('TD00539', '2018-10-27 00:00:00', 'Training LabVIEW', 0, 592344, 334240738, 'RK05', 'PDP00000\r'),
('TD00540', '2018-10-27 00:00:00', '0080000-AGUS INDRA GUNAWAN-PLNSN VI', 75011200, 0, 409251938, 'RK04', 'PDP10068\r'),
('TD00541', '2018-10-30 00:00:00', 'fikri-claim-mkt-05-18', 0, 1353500, 407898438, 'RK07', 'PDP00000\r'),
('TD00542', '2018-10-30 00:00:00', '0220000-PENDIDIKAN PELITA HARAPAN-H', 71424100, 0, 479322538, 'RK04', 'PDP10069\r'),
('TD00543', '2018-10-31 00:00:00', 'pajak', 0, 73234, 479249304, 'RK13', 'PDP00000\r'),
('TD00544', '2018-10-31 00:00:00', 'bagi hasil', 46348, 0, 479295652, 'RK04', 'PDP10070\r'),
('TD00545', '2018-11-01 00:00:00', 'biaya materai', 0, 6500, 479289152, 'RK13', 'PDP00000\r'),
('TD00547', '2018-11-01 00:00:00', 'DAQ for Blast Test', 0, 1235000, 474054152, 'RK01', 'PDP00000\r'),
('TD00548', '2018-11-03 00:00:00', 'Blast Test, Data Recording System', 0, 27250000, 472904152, 'RK01', 'PDP00000'),
('TD00549', '2018-11-03 00:00:00', 'Supply of Lighting Product Accessories', 0, 5000000, 467904152, 'RK03', 'PDP00000\r'),
('TD00550', '2018-11-05 00:00:00', 'LabVIEW &  DAQ Training', 0, 479948, 467424204, 'RK05', 'PDP00000\r'),
('TD00551', '2018-11-07 00:00:00', 'nurul fikri gaji nov-18', 0, 4500000, 462924204, 'RK02', 'PDP00000\r'),
('TD00552', '2018-11-07 00:00:00', 'm arya gaji nov-18', 0, 4000000, 458924204, 'RK02', 'PDP00000\r'),
('TD00553', '2018-11-07 00:00:00', 'zulkifli gaji nov-18', 0, 4000000, 454924204, 'RK02', 'PDP00000\r'),
('TD00554', '2018-11-07 00:00:00', 'arief rahman gaji nov-18', 0, 3000000, 451924204, 'RK02', 'PDP00000\r'),
('TD00555', '2018-11-07 00:00:00', 'Pembayaran Trans.Incoming', 29508794, 0, 481432998, 'RK04', 'PDP10071\r'),
('TD00556', '2018-11-09 00:00:00', 'biaya transaksi', 0, 6500, 481426498, 'RK13', 'PDP00000\r'),
('TD00557', '2018-11-12 00:00:00', 'LabVIEW &  DAQ Training', 0, 980163, 480446335, 'RK05', 'PDP00000\r'),
('TD00558', '2018-11-15 00:00:00', 'Supply of Lighting Product Accessories', 0, 5000000, 475446335, 'RK03', 'PDP00000\r'),
('TD00559', '2018-11-15 00:00:00', 'Pembayaran Trans.Incoming', 111433968, 0, 586880303, 'RK04', 'PDP10072\r'),
('TD00560', '2018-11-16 00:00:00', 'indih-nov-18', 0, 373090, 586507213, 'RK10', 'PDP00000\r'),
('TD00561', '2018-11-19 00:00:00', 'Training LabVIEW', 0, 812905, 585694308, 'RK05', 'PDP00000\r'),
('TD00562', '2018-11-21 00:00:00', 'Supply of product Kistler', 0, 11832900, 573861408, 'RK03', 'PDP00000\r'),
('TD00563', '2018-11-21 00:00:00', '0080000-INDOSPRING-PLUNASAN INV 180', 27155000, 0, 601016408, 'RK04', 'PDP10073\r'),
('TD00564', '2018-11-23 00:00:00', '0090000-ITB LPIK SHERA-PENGADAAN SA', 27116600, 0, 628133008, 'RK04', 'PDP10074\r'),
('TD00565', '2018-11-23 00:00:00', '0090000-ITB-BRG MODAL LPPM PN 80620', 47396200, 0, 675529208, 'RK04', 'PDP10075\r'),
('TD00566', '2018-11-23 00:00:00', '0480000-KEIHIN INDONESIA-PT KEIHIN', 44660000, 0, 720189208, 'RK04', 'PDP10076\r'),
('TD00567', '2018-11-29 00:00:00', 'pajak', 0, 16250000, 720136627, 'RK13', 'PDP00000'),
('TD00568', '0000-00-00 00:00:00', 'zulkifli-claim-mkt-0518', 0, 121000, 720015627, 'RK07', 'PDP00000\r'),
('TD00569', '2018-12-02 00:00:00', 'biaya materai', 0, 6500, 720009127, 'RK13', 'PDP00000\r'),
('TD00570', '2018-12-02 00:00:00', 'ATMB Transfer To BSM 7086107117', 19932000, 0, 739941127, 'RK04', 'PDP10077\r'),
('TD00571', '2018-12-04 00:00:00', 'Supply of Strain Gauge', 0, 1633000, 738308127, 'RK03', 'PDP00000\r'),
('TD00572', '2018-12-04 00:00:00', 'Training LabVIEW FPGA', 0, 400659, 737907468, 'RK05', 'PDP00000\r'),
('TD00573', '2018-12-05 00:00:00', 'Supply of Mastercam', 0, 3600000, 734307468, 'RK03', 'PDP00000\r'),
('TD00574', '2018-12-06 00:00:00', 'nurul fikri gaji des-18', 0, 4500000, 729807468, 'RK02', 'PDP00000\r'),
('TD00575', '2018-12-06 00:00:00', 'm arya gaji des-18', 0, 4000000, 725807468, 'RK02', 'PDP00000\r'),
('TD00576', '2018-12-06 00:00:00', 'zulkifli gaji des-18', 0, 4000000, 721807468, 'RK02', 'PDP00000\r'),
('TD00577', '2018-12-06 00:00:00', 'arief rahman gaji des-18', 0, 3000000, 718807468, 'RK02', 'PDP00000\r'),
('TD00578', '2018-12-06 00:00:00', 'zulkifli-ops-des-18', 0, 5000000, 713807468, 'RK07', 'PDP00000\r'),
('TD00579', '2018-12-06 00:00:00', 'fikri-ops-des-18', 0, 4500000, 709307468, 'RK07', 'PDP00000\r'),
('TD00580', '2018-12-07 00:00:00', 'biaya transaksi', 0, 6500, 709300968, 'RK13', 'PDP00000\r'),
('TD00581', '2018-12-07 00:00:00', 'Supply of Electronic Vibration Switch', 0, 14351400, 699350968, 'RK03', 'PDP00000'),
('TD00582', '2018-12-10 00:00:00', '0090000-UGMTKKF PASCABIAYA PENDIDIK', 92995000, 0, 792345968, 'RK04', 'PDP10078\r'),
('TD00583', '2018-12-13 00:00:00', '0480000-JVC ELECTRONICS-INV NO18060', 47403400, 0, 839749368, 'RK04', 'PDP10079\r'),
('TD00584', '2018-12-15 00:00:00', 'Supply of NI Part', 0, 1636500, 838112868, 'RK03', 'PDP00000\r'),
('TD00585', '2018-12-16 00:00:00', 'LabVIEW &  DAQ Training', 0, 2694432, 836934557, 'RK05', 'PDP00000'),
('TD00586', '2018-12-17 00:00:00', 'indih-des-18', 0, 373090, 836561467, 'RK10', 'PDP00000\r'),
('TD00587', '2018-12-17 00:00:00', 'Pembayaran Trans.Incoming', 36885993, 0, 873447460, 'RK04', 'PDP10080\r'),
('TD00589', '2018-12-20 00:00:00', '0080000-AGUS INDRA GUNAWAN-PEMBAYAR', 12780900, 0, 876228360, 'RK04', 'PDP10081\r'),
('TD00590', '2018-12-21 00:00:00', '0610000-PREFORMED LINE PRODUCTS IND', 11880000, 0, 888108360, 'RK04', 'PDP10082\r'),
('TD00591', '2018-12-23 00:00:00', 'bonus', 0, 15500000, 872608360, 'RK02', 'PDP00000\r'),
('TD00592', '2018-12-27 00:00:00', 'Training LabVIEW', 0, 1377589, 871230771, 'RK05', 'PDP00000\r'),
('TD00593', '2018-12-27 00:00:00', 'Pembayaran Trans.Incoming', 11230000, 0, 882460771, 'RK04', 'PDP10083\r'),
('TD00594', '2018-12-29 00:00:00', 'pajak', 0, 62581, 882398190, 'RK13', 'PDP00000\r'),
('TD595', '2019-07-04 10:24:36', 'payment project', 1000000, 0, 883398190, 'RK04', 'PDP10084');

-- --------------------------------------------------------

--
-- Struktur dari tabel `pegawai`
--

CREATE TABLE `pegawai` (
  `id_pegawai` varchar(25) NOT NULL,
  `nama` varchar(56) NOT NULL,
  `jabatan` varchar(30) NOT NULL
) ENGINE=InnoDB DEFAULT CHARSET=latin1;

--
-- Dumping data untuk tabel `pegawai`
--

INSERT INTO `pegawai` (`id_pegawai`, `nama`, `jabatan`) VALUES
('pp1', 'Laras Ayu Ramadhanti', 'Direktur'),
('pp2', 'Aldi Topan', 'Penanggung Jawab adm Keuangan'),
('pp3', 'Dhini Mustika', 'Pelaksana adm Keuangan'),
('pp4', 'Dadang Setiawan', 'Penanggung Jawab Lapangan'),
('pp5', 'Rifki Zulhakim', 'Pelaksana Teknis'),
('pp6', 'Deden Sumarna', 'Pekerja');

-- --------------------------------------------------------

--
-- Struktur dari tabel `pendapatan`
--

CREATE TABLE `pendapatan` (
  `kd_pendapatan` varchar(25) NOT NULL,
  `keterangan` text NOT NULL,
  `jumlahpendapatan` int(11) NOT NULL,
  `tanggal` datetime NOT NULL,
  `id_pengguna` varchar(25) NOT NULL,
  `tanggaldisetujui` datetime NOT NULL
) ENGINE=InnoDB DEFAULT CHARSET=latin1;

--
-- Dumping data untuk tabel `pendapatan`
--

INSERT INTO `pendapatan` (`kd_pendapatan`, `keterangan`, `jumlahpendapatan`, `tanggal`, `id_pengguna`, `tanggaldisetujui`) VALUES
('PDP00000', '', 0, '0000-00-00 00:00:00', 'usr01', '0000-00-00 00:00:00'),
('PDP10001', 'Cash (BSM account) beginning of year 2017', 371664919, '2017-01-01 00:00:00', 'usr01', '2017-01-01 00:00:00'),
('PDP10002', 'Cash (other) beginning of year 2017', 689995288, '2017-01-01 00:00:00', 'usr01', '2017-01-01 00:00:00'),
('PDP10003', 'saldo awal 2017', 226446380, '2017-01-01 00:00:00', 'usr01', '2017-01-01 00:00:00'),
('PDP10004', 'Bagi Hasil ', 200407, '2017-01-01 00:00:00', 'usr01', '2017-01-01 00:00:00'),
('PDP10005', 'Bagi Hasil ', 190577, '2017-02-01 00:00:00', 'usr01', '2017-02-01 00:00:00'),
('PDP10006', '0420000-R OMRON MANUFACTURING OF IN', 39938500, '2017-02-28 00:00:00', 'usr01', '2017-02-28 00:00:00'),
('PDP10007', 'Bagi Hasil ', 146148, '2017-03-01 00:00:00', 'usr01', '2017-03-01 00:00:00'),
('PDP10008', 'Operasional', 10000000, '2017-03-29 00:00:00', 'usr01', '2017-03-29 00:00:00'),
('PDP10009', 'Bagi Hasil ', 146410, '2017-04-01 00:00:00', 'usr01', '2017-04-01 00:00:00'),
('PDP10010', '0420000-R OMRON MANUFACTURING OF IN', 45900000, '2017-04-19 00:00:00', 'usr01', '2017-04-19 00:00:00'),
('PDP10011', 'Bagi Hasil', 124797, '2017-05-01 00:00:00', 'usr01', '2017-05-01 00:00:00'),
('PDP10012', 'Bagi Hasil ', 116864, '2017-06-01 00:00:00', 'usr01', '2017-06-01 00:00:00'),
('PDP10013', '0080000-CITRA NISSA ALDINA-PEMBAYAR', 49414200, '2017-06-14 00:00:00', 'usr01', '2017-06-14 00:00:00'),
('PDP10014', 'Bagi Hasil ', 114527, '2017-06-30 00:00:00', 'usr01', '2017-06-30 00:00:00'),
('PDP10015', 'Bagi Hasil ', 103986, '2017-07-31 00:00:00', 'usr01', '2017-07-31 00:00:00'),
('PDP10016', '0090000-CITRA NISSA ALDINA-PEMBAYAR', 33650100, '2017-08-01 00:00:00', 'usr01', '2017-08-01 00:00:00'),
('PDP10017', '0220000-CHAO LONG MOTOR PARTS INDON', 19371000, '2017-08-14 00:00:00', 'usr01', '2017-08-14 00:00:00'),
('PDP10018', '0420000-R OMRON MANUFACTURING OF IN', 9724000, '2017-08-24 00:00:00', 'usr01', '2017-08-24 00:00:00'),
('PDP10019', '0080000-SISDARMANTO ADINANDR-PELUNA', 42900000, '2017-08-28 00:00:00', 'usr01', '2017-08-28 00:00:00'),
('PDP10020', 'Bagi Hasil ', 44129, '2017-09-01 00:00:00', 'usr01', '2017-09-01 00:00:00'),
('PDP10021', 'Bagi Hasil ', 30671, '2017-09-30 00:00:00', 'usr01', '2017-09-30 00:00:00'),
('PDP10022', 'TRANSFER BALIK', 40000000, '2017-10-04 00:00:00', 'usr01', '2017-10-04 00:00:00'),
('PDP10023', '0090000-JHON ISRA-TRANSFER', 50000000, '2017-10-24 00:00:00', 'usr01', '2017-10-24 00:00:00'),
('PDP10024', '0420000-R OMRON MANUFACTURING OF IN', 23410200, '2017-10-25 00:00:00', 'usr01', '2017-10-25 00:00:00'),
('PDP10025', '0220000-CHAO LONG MOTOR PARTS INDON', 25828000, '2017-10-27 00:00:00', 'usr01', '2017-10-27 00:00:00'),
('PDP10026', '0090000-BENDAHARA PENGELUARAN UPI-P', 108157600, '2017-10-30 00:00:00', 'usr01', '2017-10-30 00:00:00'),
('PDP10027', 'Bagi Hasil ', 15140, '2017-10-31 00:00:00', 'usr01', '2017-10-31 00:00:00'),
('PDP10028', '0220000-CHAO LONG MOTOR PARTS INDON', 19371000, '2017-11-07 00:00:00', 'usr01', '2017-11-07 00:00:00'),
('PDP10029', '0090000-RPKBUNPspanBNI-SPAN SP2D 17', 65735319, '2017-11-15 00:00:00', 'usr01', '2017-11-15 00:00:00'),
('PDP10030', 'WONDERWARE', 3000000, '2017-11-21 00:00:00', 'usr01', '2017-11-21 00:00:00'),
('PDP10031', '173258SPY7 211117 KOR NET PRM', 6500, '2017-11-23 00:00:00', 'usr01', '2017-11-23 00:00:00'),
('PDP10032', '17325C0K33 211117 KOR NET PRM', 6500, '2017-11-23 00:00:00', 'usr01', '2017-11-23 00:00:00'),
('PDP10033', '173258SPY7 211117 KOR NET PRM', 25000000, '2017-11-23 00:00:00', 'usr01', '2017-11-23 00:00:00'),
('PDP10034', '17325C0K33 211117 KOR NET PRM', 24850000, '2017-11-23 00:00:00', 'usr01', '2017-11-23 00:00:00'),
('PDP10035', '0090000-CITRA NISSA ALDINAITB-PBY T', 42622635, '2017-11-30 00:00:00', 'usr01', '2017-11-30 00:00:00'),
('PDP10036', '0090000-CITRA NISSA ALDINAITB-PBY C', 43574338, '2017-11-30 00:00:00', 'usr01', '2017-11-30 00:00:00'),
('PDP10037', '0090000-CITRA NISSA ALDINAITB-PBY L', 50000000, '2017-11-30 00:00:00', 'usr01', '2017-11-30 00:00:00'),
('PDP10038', 'Bagi Hasil ', 38535, '2017-11-30 00:00:00', 'usr01', '2017-11-30 00:00:00'),
('PDP10039', 'BSM ATM Transfer to BSM 6076103123', 10000000, '2017-12-06 00:00:00', 'usr01', '2017-12-06 00:00:00'),
('PDP10040', 'Setoran Tunai', 13720000, '2017-12-11 00:00:00', 'usr01', '2017-12-11 00:00:00'),
('PDP10041', '0610000-PREFORMED LINE PRODUCTS IND', 11000000, '2017-12-14 00:00:00', 'usr01', '2017-12-14 00:00:00'),
('PDP10042', 'PEM SOFTWARE PRAKTIKUM TE UNS', 34120000, '2017-12-14 00:00:00', 'usr01', '2017-12-14 00:00:00'),
('PDP10043', '0080000-FT UGM-PENGADAAN SOFTWARE', 177831773, '2017-12-20 00:00:00', 'usr01', '2017-12-20 00:00:00'),
('PDP10044', '0090000-RPKBUNPspanBNI-SPAN SP2D 17', 61517728, '2017-12-27 00:00:00', 'usr01', '2017-12-27 00:00:00'),
('PDP10045', 'Bagi Hasil ', 67117, '2017-12-31 00:00:00', 'usr01', '2017-12-31 00:00:00'),
('PDP10046', 'saldo awal 2018', 1227194676, '2018-01-01 00:00:00', 'usr01', '2018-01-01 00:00:00'),
('PDP10047', 'Bagi Hasil ', 25790, '2018-01-01 00:00:00', 'usr01', '2018-01-01 00:00:00'),
('PDP10048', 'Pby Alat Invoice No.1711-027', 24151600, '2018-02-11 00:00:00', 'usr01', '2018-02-11 00:00:00'),
('PDP10049', '0420000-R OMRON MANUFACTURING OF IN', 188454200, '2018-02-28 00:00:00', 'usr01', '2018-02-28 00:00:00'),
('PDP10050', 'Bagi Hasil ', 13257, '2018-03-01 00:00:00', 'usr01', '2018-03-01 00:00:00'),
('PDP10051', '0480000-JVC ELECTRONICS-INV NO18010', 27707240, '2018-03-24 00:00:00', 'usr01', '2018-03-24 00:00:00'),
('PDP10052', '0420000-R OMRON MANUFACTURING OF IN', 57350600, '2018-04-01 00:00:00', 'usr01', '2018-04-01 00:00:00'),
('PDP10053', 'TRANSFER', 41000000, '2018-04-19 00:00:00', 'usr01', '2018-04-19 00:00:00'),
('PDP10054', '0090000-UGMTKKFBIAYA PENDIDIKAN-PT', 44188600, '2018-05-01 00:00:00', 'usr01', '2018-05-01 00:00:00'),
('PDP10055', 'Bagi Hasil ', 35933, '2018-06-01 00:00:00', 'usr01', '2018-06-01 00:00:00'),
('PDP10056', '0140000-SEKOLAH TINGGI SAMPOERNA-HA', 122290560, '2018-06-15 00:00:00', 'usr01', '2018-06-15 00:00:00'),
('PDP10057', '0420000-R OMRON MANUFACTURING OF IN', 5783800, '2018-06-27 00:00:00', 'usr01', '2018-06-27 00:00:00'),
('PDP10058', 'Bagi Hasil ', 46348, '2018-07-30 00:00:00', 'usr01', '2018-07-30 00:00:00'),
('PDP10059', 'Pembayaran Trans.Incoming', 79049310, '2018-08-04 00:00:00', 'usr01', '2018-08-04 00:00:00'),
('PDP10060', 'Trf BSM to BSM - Mandiri', 2889824, '2018-08-17 00:00:00', 'usr01', '2018-08-17 00:00:00'),
('PDP10061', '0480000-KEIHIN INDONESIA-PT KEIHIN', 81499999, '2018-08-26 00:00:00', 'usr01', '2018-08-26 00:00:00'),
('PDP10062', '0420000-R OMRON MANUFACTURING OF IN', 16512530, '2018-08-28 00:00:00', 'usr01', '2018-08-28 00:00:00'),
('PDP10063', '0450000-UTAC MANUFACTURING SERVICES', 3240000, '2018-09-01 00:00:00', 'usr01', '2018-09-01 00:00:00'),
('PDP10064', 'Bagi Hasil atau Bonus', 187102, '2018-09-30 00:00:00', 'usr01', '2018-09-30 00:00:00'),
('PDP10065', '0480000-KEIHIN INDONESIA-PT KEIHIN', 5952320, '2018-10-04 00:00:00', 'usr01', '2018-10-04 00:00:00'),
('PDP10066', '0480000-JVC ELECTRONICS-INV NO 1805', 17403400, '2018-10-15 00:00:00', 'usr01', '2018-10-15 00:00:00'),
('PDP10067', 'Bagi Hasil atau Bonus', 106225, '2018-10-26 00:00:00', 'usr01', '2018-10-26 00:00:00'),
('PDP10068', '0080000-AGUS INDRA GUNAWAN-PLNSN VI', 75011200, '2018-10-27 00:00:00', 'usr01', '2018-10-27 00:00:00'),
('PDP10069', '0220000-PENDIDIKAN PELITA HARAPAN-H', 71424100, '2018-10-30 00:00:00', 'usr01', '2018-10-30 00:00:00'),
('PDP10070', 'bagi hasil', 46348, '2018-10-31 00:00:00', 'usr01', '2018-10-31 00:00:00'),
('PDP10071', 'Pembayaran Trans.Incoming', 29508794, '2018-11-07 00:00:00', 'usr01', '2018-11-07 00:00:00'),
('PDP10072', 'Pembayaran Trans.Incoming', 111433968, '2018-11-15 00:00:00', 'usr01', '2018-11-15 00:00:00'),
('PDP10073', '0080000-INDOSPRING-PLUNASAN INV 180', 27155000, '2018-11-21 00:00:00', 'usr01', '2018-11-21 00:00:00'),
('PDP10074', '0090000-ITB LPIK SHERA-PENGADAAN SA', 27116600, '2018-11-23 00:00:00', 'usr01', '2018-11-23 00:00:00'),
('PDP10075', '0090000-ITB-BRG MODAL LPPM PN 80620', 47396200, '2018-11-23 00:00:00', 'usr01', '2018-11-23 00:00:00'),
('PDP10076', '0480000-KEIHIN INDONESIA-PT KEIHIN', 44660000, '2018-11-23 00:00:00', 'usr01', '2018-11-23 00:00:00'),
('PDP10077', 'ATMB Transfer To BSM 7086107117', 19932000, '2018-12-02 00:00:00', 'usr01', '2018-12-23 00:00:00'),
('PDP10078', '0090000-UGMTKKF PASCABIAYA PENDIDIK', 92995000, '2018-12-10 00:00:00', 'usr01', '2018-12-10 00:00:00'),
('PDP10079', '0480000-JVC ELECTRONICS-INV NO18060', 47403400, '2018-12-13 00:00:00', 'usr01', '2018-12-13 00:00:00'),
('PDP10080', 'Pembayaran Trans.Incoming', 36885993, '2018-12-17 00:00:00', 'usr01', '2018-12-17 00:00:00'),
('PDP10081', '0080000-AGUS INDRA GUNAWAN-PEMBAYAR', 12780900, '2018-12-20 00:00:00', 'usr01', '2018-12-20 00:00:00'),
('PDP10082', '0610000-PREFORMED LINE PRODUCTS IND', 11880000, '2018-12-21 00:00:00', 'usr01', '2018-12-21 00:00:00'),
('PDP10083', 'Pembayaran Trans.Incoming', 11230000, '2018-12-27 00:00:00', 'usr01', '2018-12-27 00:00:00'),
('PDP10084', 'payment project', 1000000, '2019-07-04 10:24:03', 'usr01', '2019-07-04 10:24:36');

-- --------------------------------------------------------

--
-- Struktur dari tabel `pengguna`
--

CREATE TABLE `pengguna` (
  `id_pengguna` varchar(25) NOT NULL,
  `username` varchar(55) NOT NULL,
  `password` text NOT NULL,
  `email` varchar(55) NOT NULL,
  `level` varchar(25) NOT NULL,
  `id_pegawai` varchar(25) NOT NULL
) ENGINE=InnoDB DEFAULT CHARSET=latin1;

--
-- Dumping data untuk tabel `pengguna`
--

INSERT INTO `pengguna` (`id_pengguna`, `username`, `password`, `email`, `level`, `id_pegawai`) VALUES
('usr01', 'Laras', 'e1302dbd86ddbf7a353938d043e9ede7', 'larasayu84@gmail.com ', 'direktur', 'pp1'),
('usr02', 'Aldi', '69b731ea8f289cf16a192ce78a37b4f0', 'aldilb@gmail.com', 'penanggungjawabkeuangan', 'pp2'),
('usr03', 'Dhini', '21232f297a57a5a743894a0e4a801fc3', 'dhinimustika@gmail.com', 'pelaksanakeuangan', 'pp3');

-- --------------------------------------------------------

--
-- Struktur dari tabel `potongan`
--

CREATE TABLE `potongan` (
  `id_pegawai` varchar(25) NOT NULL,
  `tanggal` date NOT NULL,
  `jumlahpotongan` int(11) NOT NULL
) ENGINE=InnoDB DEFAULT CHARSET=latin1;

--
-- Dumping data untuk tabel `potongan`
--

INSERT INTO `potongan` (`id_pegawai`, `tanggal`, `jumlahpotongan`) VALUES
('pp2', '2017-01-29', 0),
('pp3', '2017-01-29', 0),
('pp4', '2017-01-29', 0),
('pp5', '2017-01-29', 0),
('pp2', '2017-02-23', 0),
('pp3', '2017-02-23', 0),
('pp4', '2017-02-23', 0),
('pp5', '2017-02-23', 0),
('pp2', '2017-03-29', 0),
('pp3', '2017-03-29', 0),
('pp4', '2017-03-29', 0),
('pp5', '2017-03-29', 0),
('pp2', '2017-04-29', 0),
('pp3', '2017-04-29', 0),
('pp4', '2017-04-29', 0),
('pp5', '2017-04-29', 0),
('pp2', '2017-05-30', 0),
('pp3', '2017-05-30', 0),
('pp4', '2017-05-30', 0),
('pp5', '2017-05-30', 0),
('pp2', '2017-06-23', 0),
('pp3', '2017-06-23', 0),
('pp4', '2017-06-23', 0),
('pp5', '2017-06-23', 0),
('pp2', '2017-07-31', 0),
('pp3', '2017-07-31', 0),
('pp4', '2017-07-31', 0),
('pp5', '2017-07-31', 0),
('pp2', '2017-08-30', 0),
('pp3', '2017-08-30', 0),
('pp4', '2017-08-30', 0),
('pp5', '2017-08-30', 0),
('pp2', '2017-09-30', 0),
('pp3', '2017-09-30', 0),
('pp4', '2017-09-30', 0),
('pp5', '2017-09-30', 0),
('pp2', '2017-10-30', 0),
('pp3', '2017-10-30', 0),
('pp4', '2017-10-30', 0),
('pp5', '2017-10-30', 0),
('pp2', '2017-11-29', 0),
('pp3', '2017-11-29', 0),
('pp4', '2017-11-29', 0),
('pp5', '2017-11-29', 0),
('pp2', '2017-12-30', 0),
('pp3', '2017-12-30', 0),
('pp4', '2017-12-30', 0),
('pp5', '2017-12-30', 0),
('pp2', '2018-01-10', 0),
('pp3', '2018-01-10', 0),
('pp4', '2018-01-10', 0),
('pp5', '2018-01-10', 0),
('pp2', '2018-02-05', 0),
('pp3', '2018-02-05', 0),
('pp4', '2018-02-05', 0),
('pp5', '2018-02-05', 0),
('pp2', '2018-03-09', 0),
('pp3', '2018-03-09', 0),
('pp4', '2018-03-09', 0),
('pp5', '2018-03-09', 0),
('pp2', '2018-04-05', 0),
('pp3', '2018-04-05', 0),
('pp4', '2018-04-05', 0),
('pp5', '2018-04-05', 0),
('pp2', '2018-05-03', 0),
('pp3', '2018-05-03', 0),
('pp4', '2018-05-03', 0),
('pp5', '2018-05-03', 0),
('pp2', '2018-06-05', 0),
('pp3', '2018-06-05', 0),
('pp4', '2018-06-05', 0),
('pp5', '2018-06-05', 0),
('pp2', '2018-07-06', 0),
('pp3', '2018-07-06', 0),
('pp4', '2018-07-06', 0),
('pp5', '2018-07-06', 0),
('pp2', '2018-08-06', 0),
('pp3', '2018-08-06', 0),
('pp4', '2018-08-06', 0),
('pp5', '2018-08-06', 0),
('pp2', '2018-09-07', 0),
('pp3', '2018-09-07', 0),
('pp4', '2018-09-07', 0),
('pp5', '2018-09-07', 0),
('pp2', '2018-10-06', 0),
('pp3', '2018-10-06', 0),
('pp4', '2018-10-06', 0),
('pp5', '2018-10-06', 0),
('pp2', '2018-11-07', 0),
('pp3', '2018-11-07', 0),
('pp4', '2018-11-07', 0),
('pp5', '2018-11-07', 0),
('pp2', '2018-12-06', 0),
('pp3', '2018-12-06', 0),
('pp4', '2018-12-06', 0),
('pp5', '2018-12-06', 0);

-- --------------------------------------------------------

--
-- Struktur dari tabel `tunjangan`
--

CREATE TABLE `tunjangan` (
  `id_pegawai` varchar(25) NOT NULL,
  `tanggal` date NOT NULL,
  `jumlahtunjangan` int(11) NOT NULL
) ENGINE=InnoDB DEFAULT CHARSET=latin1;

--
-- Dumping data untuk tabel `tunjangan`
--

INSERT INTO `tunjangan` (`id_pegawai`, `tanggal`, `jumlahtunjangan`) VALUES
('pp2', '2017-01-29', 0),
('pp3', '2017-01-29', 0),
('pp4', '2017-01-29', 0),
('pp5', '2017-01-29', 0),
('pp2', '2017-02-23', 0),
('pp3', '2017-02-23', 0),
('pp4', '2017-02-23', 0),
('pp5', '2017-02-23', 0),
('pp2', '2017-03-29', 0),
('pp3', '2017-03-29', 0),
('pp4', '2017-03-29', 0),
('pp5', '2017-03-29', 0),
('pp2', '2017-04-29', 0),
('pp3', '2017-04-29', 0),
('pp4', '2017-04-29', 0),
('pp5', '2017-04-29', 0),
('pp2', '2017-05-30', 0),
('pp3', '2017-05-30', 0),
('pp4', '2017-05-30', 0),
('pp5', '2017-05-30', 0),
('pp2', '2017-06-23', 4500000),
('pp3', '2017-06-23', 3000000),
('pp4', '2017-06-23', 4000000),
('pp5', '2017-06-23', 4000000),
('pp2', '2017-07-31', 0),
('pp3', '2017-07-31', 0),
('pp4', '2017-07-31', 0),
('pp5', '2017-07-31', 0),
('pp2', '2017-08-30', 0),
('pp3', '2017-08-30', 0),
('pp4', '2017-08-30', 0),
('pp5', '2017-08-30', 0),
('pp2', '2017-09-30', 0),
('pp3', '2017-09-30', 0),
('pp4', '2017-09-30', 0),
('pp5', '2017-09-30', 0),
('pp2', '2017-10-30', 0),
('pp3', '2017-10-30', 0),
('pp4', '2017-10-30', 0),
('pp5', '2017-10-30', 0),
('pp2', '2017-11-29', 0),
('pp3', '2017-11-29', 0),
('pp4', '2017-11-29', 0),
('pp5', '2017-11-29', 0),
('pp2', '2017-12-30', 0),
('pp3', '2017-12-30', 0),
('pp4', '2017-12-30', 0),
('pp5', '2017-12-30', 0),
('pp2', '2018-01-10', 0),
('pp3', '2018-01-10', 0),
('pp4', '2018-01-10', 0),
('pp5', '2018-01-10', 0),
('pp2', '2018-02-05', 0),
('pp3', '2018-02-05', 0),
('pp4', '2018-02-05', 0),
('pp5', '2018-02-05', 0),
('pp2', '2018-03-09', 0),
('pp3', '2018-03-09', 0),
('pp4', '2018-03-09', 0),
('pp5', '2018-03-09', 0),
('pp2', '2018-04-05', 0),
('pp3', '2018-04-05', 0),
('pp4', '2018-04-05', 0),
('pp5', '2018-04-05', 0),
('pp2', '2018-05-03', 0),
('pp3', '2018-05-03', 0),
('pp4', '2018-05-03', 0),
('pp5', '2018-05-03', 0),
('pp2', '2018-06-05', 4500000),
('pp3', '2018-06-05', 3000000),
('pp4', '2018-06-05', 4000000),
('pp5', '2018-06-05', 4000000),
('pp2', '2018-07-06', 0),
('pp3', '2018-07-06', 0),
('pp4', '2018-07-06', 0),
('pp5', '2018-07-06', 0),
('pp2', '2018-08-06', 0),
('pp3', '2018-08-06', 0),
('pp4', '2018-08-06', 0),
('pp5', '2018-08-06', 0),
('pp2', '2018-09-07', 0),
('pp3', '2018-09-07', 0),
('pp4', '2018-09-07', 0),
('pp5', '2018-09-07', 0),
('pp2', '2018-10-06', 0),
('pp3', '2018-10-06', 0),
('pp4', '2018-10-06', 0),
('pp5', '2018-10-06', 0),
('pp2', '2018-11-07', 0),
('pp3', '2018-11-07', 0),
('pp4', '2018-11-07', 0),
('pp5', '2018-11-07', 0),
('pp2', '2018-12-06', 4500000),
('pp3', '2018-12-06', 3000000),
('pp4', '2018-12-06', 4000000),
('pp5', '2018-12-06', 4000000);

--
-- Indexes for dumped tables
--

--
-- Indeks untuk tabel `anggaranperusahaan`
--
ALTER TABLE `anggaranperusahaan`
  ADD PRIMARY KEY (`kd_anggaranperusahaan`);

--
-- Indeks untuk tabel `detailanggaran`
--
ALTER TABLE `detailanggaran`
  ADD KEY `kd_anggaranperusahaan` (`kd_anggaranperusahaan`),
  ADD KEY `kd_jenisanggaran` (`kd_jenisanggaran`);

--
-- Indeks untuk tabel `gaji`
--
ALTER TABLE `gaji`
  ADD KEY `id_pegawai` (`id_pegawai`);

--
-- Indeks untuk tabel `jenisanggaran`
--
ALTER TABLE `jenisanggaran`
  ADD PRIMARY KEY (`kd_jenisanggaran`);

--
-- Indeks untuk tabel `kasbesar`
--
ALTER TABLE `kasbesar`
  ADD PRIMARY KEY (`kd_kasbesar`),
  ADD KEY `kd_jenisanggaran` (`kd_jenisanggaran`);

--
-- Indeks untuk tabel `pegawai`
--
ALTER TABLE `pegawai`
  ADD PRIMARY KEY (`id_pegawai`);

--
-- Indeks untuk tabel `pendapatan`
--
ALTER TABLE `pendapatan`
  ADD PRIMARY KEY (`kd_pendapatan`),
  ADD KEY `pendapatan_ibfk_1` (`id_pengguna`);

--
-- Indeks untuk tabel `pengguna`
--
ALTER TABLE `pengguna`
  ADD PRIMARY KEY (`id_pengguna`),
  ADD KEY `id_pegawai` (`id_pegawai`);

--
-- Indeks untuk tabel `potongan`
--
ALTER TABLE `potongan`
  ADD KEY `id_pegawai` (`id_pegawai`);

--
-- Indeks untuk tabel `tunjangan`
--
ALTER TABLE `tunjangan`
  ADD KEY `id_pegawai` (`id_pegawai`);

--
-- Ketidakleluasaan untuk tabel pelimpahan (Dumped Tables)
--

--
-- Ketidakleluasaan untuk tabel `detailanggaran`
--
ALTER TABLE `detailanggaran`
  ADD CONSTRAINT `detailanggaran_ibfk_1` FOREIGN KEY (`kd_anggaranperusahaan`) REFERENCES `anggaranperusahaan` (`kd_anggaranperusahaan`),
  ADD CONSTRAINT `detailanggaran_ibfk_2` FOREIGN KEY (`kd_jenisanggaran`) REFERENCES `jenisanggaran` (`kd_jenisanggaran`);

--
-- Ketidakleluasaan untuk tabel `gaji`
--
ALTER TABLE `gaji`
  ADD CONSTRAINT `gaji_ibfk_1` FOREIGN KEY (`id_pegawai`) REFERENCES `pegawai` (`id_pegawai`);

--
-- Ketidakleluasaan untuk tabel `kasbesar`
--
ALTER TABLE `kasbesar`
  ADD CONSTRAINT `kasbesar_ibfk_2` FOREIGN KEY (`kd_jenisanggaran`) REFERENCES `jenisanggaran` (`kd_jenisanggaran`);

--
-- Ketidakleluasaan untuk tabel `pendapatan`
--
ALTER TABLE `pendapatan`
  ADD CONSTRAINT `pendapatan_ibfk_1` FOREIGN KEY (`id_pengguna`) REFERENCES `pengguna` (`id_pengguna`);

--
-- Ketidakleluasaan untuk tabel `pengguna`
--
ALTER TABLE `pengguna`
  ADD CONSTRAINT `pengguna_ibfk_1` FOREIGN KEY (`id_pegawai`) REFERENCES `pegawai` (`id_pegawai`);

--
-- Ketidakleluasaan untuk tabel `potongan`
--
ALTER TABLE `potongan`
  ADD CONSTRAINT `potongan_ibfk_1` FOREIGN KEY (`id_pegawai`) REFERENCES `pegawai` (`id_pegawai`);

--
-- Ketidakleluasaan untuk tabel `tunjangan`
--
ALTER TABLE `tunjangan`
  ADD CONSTRAINT `tunjangan_ibfk_1` FOREIGN KEY (`id_pegawai`) REFERENCES `pegawai` (`id_pegawai`);
COMMIT;

/*!40101 SET CHARACTER_SET_CLIENT=@OLD_CHARACTER_SET_CLIENT */;
/*!40101 SET CHARACTER_SET_RESULTS=@OLD_CHARACTER_SET_RESULTS */;
/*!40101 SET COLLATION_CONNECTION=@OLD_COLLATION_CONNECTION */;
